Blog-headline-0,Street Price-0,Manufacturer-0,Model,IsController,Year,keys_count,keys_type,pads_count,controls,connectivity,power,weight_lbs,dimensions_inches,parsed image,ID
Midiplus i61 61-Key MIDI Keyboard Controller ,,Midiplus,Midiplus i61,yes,2015,61,full-size,0,"[""Pitch Bend"", ""Modulation Wheel"", ""Data Entry Slider""]","[""USB"", ""MIDI Out"", ""Sustain Pedal""]","[""USB Bus"", ""DC Adapter""]",6.6,"""36.2;3;8.5""",https://www.gearank.com/wp-content/uploads/files/i61-300x72.jpg,I2N1
Alesis QMini 32-Key USB MIDI Controller Keyboard,$59.00,Alesis,Alesis QMini,yes,2021,32,mini,0,"[""Pitch Bend"", ""Modulation Wheel"", ""Volume Knob""]","[""USB""]","[""USB Bus""]",1.1,"""16.5;4.1;0.8""",https://www.gearank.com/wp-content/uploads/files/Alesis-Qmini-300x80.jpg,IJ39
Novation Impulse 25 Key MIDI Controller With Pads,$199.99,Novation,Novation Impulse 25,yes,2011,25,semi-weighted,8,"[""Knobs"", ""Fader"", ""Buttons"", ""Pitch Bend"", ""Modulation Wheel"", ""Transport Controls""]","[""USB"", ""MIDI Out"", ""MIDI In""]","[""USB Bus""]",7.7,"""20.7;13.1;3.9""",https://www.gearank.com/wp-content/uploads/files/Novation-Impulse-25-300x187.jpg,KC2E
Arturia BeatStep MIDI Pad Controller,$119.00,Arturia,Arturia BeatStep,yes,2013,NA,NA,16,"[""Knobs"", ""Buttons"", ""Transport Controls""]","[""USB"", ""MIDI Out"", ""CV"", ""Gate""]","[""USB Bus"", ""DC Adapter (optional)""]",NA,NA,https://www.gearank.com/wp-content/uploads/files/beatstep-300x126.png,ZJ0B
PreSonus ATOM SQ Hybrid MIDI Keyboard / Pad Performance and Production Controller,$225.00,PreSonus,PreSonus ATOM SQ Hybrid,yes,2020,32,mini (staggered pads),32,"[""Knobs"", ""Buttons"", ""Transport Controls""]","[""USB""]","[""USB Bus""]",2.0,"""14.25;6.8;0.98""",https://www.gearank.com/wp-content/uploads/files/atom-sq_03-300x81.jpg,5YJ3
Roger Linn Design LinnStrument 128 MIDI Performance Controller,$1099.00,Roger Linn Design,Roger Linn Design LinnStrument 128,yes,2016,NA,NA,128,"[""Buttons""]","[""USB"", ""MIDI In"", ""MIDI Out""]","[""USB Bus""]",3.99,"""15.7;8.2;1""",https://www.gearank.com/wp-content/uploads/files/linnstrument-128-300x160.jpg,PEYS
Yamaha MX61 (V1) 61-Key Synthesizer MIDI Controller Keyboard ,$769.99,Yamaha,Yamaha MX61 (V1),yes,2016,61,full-size,0,"[""Pitch Bend"", ""Modulation Wheel""]","[""USB"", ""MIDI Out""]","[""USB Bus""]",10.58,"""38.7;4.4;11.8""",https://www.gearank.com/wp-content/uploads/files/yamaha-mx61-300x90.jpg,HWF9
Keith McMillen BopPad MPE MIDI Drum Pad,$199.00,Keith McMillen,Keith McMillen BopPad MPE,yes,2017,NA,NA,1,"[""Buttons""]","[""USB-C""]","[""USB Bus""]",1.3,"""11;10.5;0.4""",https://www.gearank.com/wp-content/uploads/files/Keith-McMillen-BopPad-300x215.jpg,ERT1
Donner Professional Mini DMK25 25-Key MIDI Controller Keyboard,$109.99,Donner,Donner Professional Mini DMK25,yes,2022,25,mini,8,"[""Pitch Bend"", ""Modulation Wheel"", ""Faders"", ""Touch Strips"", ""Buttons""]","[""USB-C"", ""MIDI Out""]","[""USB Bus""]",1.5,"""13.3;7.2;1""",https://www.gearank.com/wp-content/uploads/files/Donner-DMK25-300x206.jpg,8GTT
M-Audio Oxygen Pro 25 25-key MIDI Keyboard Controller,$199.00,M-Audio,M-Audio Oxygen Pro 25,yes,2011,25,semi-weighted,16,"[""Knobs"", ""Fader"", ""Buttons"", ""Pitch Bend"", ""Modulation Wheel"", ""Transport Controls""]","[""USB"", ""MIDI Out"", ""MIDI In""]","[""USB Bus""]",5.4,"""19.3;10.4;3.3""",https://www.gearank.com/wp-content/uploads/files/M-Audio-Oxygen-Pro-25-300x148.jpg,3589
Native Instruments Maschine Jam MIDI Pad Controller ,$299.00,Native Instruments,Maschine Jam,yes,2016,NA,NA,64,"[""Pads"", ""Touch Strips"", ""Buttons""]","[""USB""]","[""USB Bus""]",5.9,12.6;11.6;1.2,https://www.gearank.com/wp-content/uploads/files/MaschineJam-large_0-300x268.jpg,QR20
Novation Launchpad Pro MIDI Pad Controller (Discontinued / Superseded),$299.99,Novation,Novation Launchpad Pro,yes,2020,NA,NA,64,"[""Pads"", ""Buttons""]","[""USB"", ""MIDI In"", ""MIDI Out""]","[""USB Bus"", ""DC Adapter""]",2.2,10.55;10.55;0.71,https://www.gearank.com/wp-content/uploads/files/launchpadpro-300x300.jpg,Y131
Novation Launchkey Mini MIDI Keyboard Controller – 25 Keys ,$100.00,Novation,Novation Launchkey Mini 25,yes,2025,25,"""mini""",16,"[""Pads"", ""Pitch Bend"", ""Modulation Wheel""]","[""USB"", ""MIDI Out"", ""Sustain Pedal""]","[""USB Bus""]",1.72,13.33;6.96;1.93,https://www.gearank.com/wp-content/uploads/files/launchkeymini-300x169.jpg,1C71
Keith McMillen Instruments K-Board 25-key USB MIDI Controller,$96.00,Keith McMillen Instruments,Keith McMillen K-Board 25,yes,2023,25,"""full-size""",0,"[""LED Keys""]","[""USB""]","[""USB Bus""]",0.76,12.8;3.3;0.43,https://www.gearank.com/wp-content/uploads/files/k-board-white-4-300x82.jpg,84B8
Korg nanoKEY Studio 25-Key MIDI Keyboard Controller,$180.00,Korg,Korg nanoKEY Studio,yes,2016,25,"""slim""",8,"[""Pads"", ""Buttons"", ""Pitch Bend"", ""Mod Wheel""]","[""USB"", ""Bluetooth""]","[""USB Bus"", ""Battery""]",01.04,10.94;6.3;1.3,https://www.gearank.com/wp-content/uploads/files/nanokey-studio-300x172.jpg,G7AS
M-Audio Keystation Mini 32 MK3 32-Key MIDI Keyboard Controller,$59.00,M-Audio,M-Audio Keystation Mini 32 MK3,yes,2018,32,"""mini""",0,"[""Pitch Bend"", ""Modulation Wheel"", ""Buttons""]","[""USB""]","[""USB Bus""]",0.99,16.46;4.13;0.79,https://www.gearank.com/wp-content/uploads/files/M-Audio-Keystation-Mini-32-MK3-300x174.jpg,9H78
Korg microKEY Air-25 25-key Bluetooth MIDI Keyboard Controller,$134.99,Korg,Korg microKEY Air-25,yes,2021,25,"""mini""",0,"[""Joystick"", ""Buttons""]","[""USB"", ""Bluetooth""]","[""USB Bus"", ""Battery""]",1.48,15.55;5.16;2.05,https://www.gearank.com/wp-content/uploads/files/Korg-microKEY-Air-25-300x101.jpg,T85A
ROLI Seaboard RISE 25 Key MIDI Controller Keyboard ,$850.00,ROLI,ROLI Seaboard RISE 25,yes,2015,25,"""synth-action""",0,"[""Touch Faders"", ""Joystick""]","[""USB"", ""Sustain Pedal""]","[""USB Bus""]",6.17,19.88;8.27;0.9,https://www.gearank.com/wp-content/uploads/files/SB_RISE25_x2-300x126.jpg,S6NK
Behringer MOTÖR 61 61-Key MIDI Keyboard Controller ,$250.00,Behringer,Behringer MOTÖR 61,yes,2014,61,"""weighted hammer-action""",8,"[""Pitch Bend"", ""Modulation Wheel"", ""Buttons""]","[""USB"", ""MIDI In"", ""MIDI Out"", ""Sustain Pedal""]","[""USB Bus""]",15.57,39.2;12;3.46,https://www.gearank.com/wp-content/uploads/files/behringer-motor61-300x124.jpg,90P0
Novation Launchkey 61 MK2 – 61-Key MIDI Keyboard Controller ,$249.99,Novation,Novation Launchkey 61 MK2,yes,2017,61,synth-action,16,"[""Knobs"", ""Fader"", ""Pitch Bend"", ""Modulation Wheel"", ""Buttons"", ""Transport Controls""]","[""USB"", ""MIDI Out"", ""Sustain Pedal""]","[""USB Bus"", ""DC Adapter""]",7.1,"""31.1;10.2;2.0""",https://www.gearank.com/wp-content/uploads/files/Novation-Launchkey-61-mk2-300x128.jpg,X07Z
Arturia KeyLab 88 MkI – 88-key MIDI Keyboard Controller ,$799.00,Arturia,Arturia KeyLab 88 MkI,yes,2015,88,weighted hammer-action,16,"[""Fader"", ""Knobs"", ""Buttons"", ""Pitch Bend"", ""Modulation Wheel"", ""Transport Controls""]","[""USB"", ""MIDI In"", ""MIDI Out"", ""Pedal"", ""CV"", ""Gate""]","[""DC Adapter"", ""USB Bus""]",32.4,"""50.9;12.7;4.4""",https://www.gearank.com/wp-content/uploads/files/Arturia-KeyLab-88-300x125.jpg,Y1ED
Arturia BeatStep Pro MIDI Pad Controller & Sequencer,$299.00,Arturia,Arturia BeatStep Pro MIDI Pad Controller & Sequencer,yes,2014,NA,NA,16,"[""Knobs"", ""Buttons"", ""Transport Controls""]","[""USB"", ""MIDI In"", ""MIDI Out"", ""CV"", ""Gate""]","[""USB Bus"", ""DC Adapter""]",3.2,"""16.3;6.4;1.4""",https://www.gearank.com/wp-content/uploads/files/beatstep-pro-image-300x122.png,VVFF
IK Multimedia iRig Pads MIDI Pad Groove Controller,$149.99,IK Multimedia,IK Multimedia iRig Pads MIDI Pad Groove Controller,yes,2017,NA,NA,16,"[""Knobs"", ""Buttons"", ""Fader""]","[""USB"", ""Lightning""]","[""USB Bus""]",1.2,"""7.5;8.1;0.9""",https://www.gearank.com/wp-content/uploads/files/irigpads-282x300.jpeg,39CR
Novation Launchpad Mini MK2 MIDI Pad Controller (Discontinued / Superseded),$99.99,Novation,Novation Launchpad Mini MK2,yes,2013,NA,NA,64,"[""Buttons""]","[""USB""]","[""USB Bus""]",1.37,"""9.2;9.3;1.4""",https://www.gearank.com/wp-content/uploads/files/2-LP-Mini_1%5B1%5D-292x300.png,EW7R
Native Instruments Komplete Kontrol S25 25-Key MIDI Controller ,$299.00,Native Instruments,Native Instruments Komplete Kontrol S25,yes,2010,25,semi-weighted,0,"[""Knobs"", ""Buttons"", ""Pitch Bend"", ""Modulation Wheel""]","[""USB"", ""MIDI In"", ""MIDI Out""]","[""USB Bus""]",NA,"""NA""",https://www.gearank.com/wp-content/uploads/files/komplete-kontrol-s25-top-300x163.jpg,RR71
Native Instruments Komplete Kontrol S88 – 88-key MIDI Keyboard Controller ,$999.00,Native Instruments,Native Instruments Komplete Kontrol S88,yes,2015,88,weighted hammer-action,0,"[""Knobs"", ""Buttons"", ""Pitch Bend"", ""Modulation Wheel""]","[""USB"", ""MIDI In"", ""MIDI Out""]","[""USB Bus""]",NA,"""NA""",https://www.gearank.com/wp-content/uploads/files/Komplete-Kontrol-S88-300x105.jpg,7228
CME Xkey Air 25-key Bluetooth MIDI Keyboard Controller,$199.00,CME,CME Xkey Air 25-key Bluetooth MIDI Keyboard Controller,yes,2016,25,full-size,0,"[""Buttons""]","[""Bluetooth"", ""USB""]","[""Battery"", ""USB Bus""]",1.34,"""15.3;5.3;0.63""",https://www.gearank.com/wp-content/uploads/files/cme-xkey-Air-25-300x104.jpg,UC4U
Korg microKEY2 37 Mini-Key MIDI Controller,$119.00,Korg,Korg microKEY2 37 Mini-Key MIDI Controller,yes,2015,37,mini,0,"[""Pitch Bend"", ""Modulation Wheel""]","[""USB""]","[""USB Bus""]",2.2,"""21.9;6.3;1.8""",https://www.gearank.com/wp-content/uploads/files/microkey37-300x86.png,4ME7
Acorn Masterkey 61 – USB 61 Key MIDI Keyboard Controller ,$99.99,Acorn Instruments,Acorn Masterkey 61 USB 61 Key MIDI Keyboard Controller,yes,2018,61,full-size,0,"[""Pitch Bend"", ""Modulation Wheel"", ""Buttons""]","[""USB""]","[""USB Bus""]",NA,"""NA""",https://www.gearank.com/wp-content/uploads/files/Acorn-Masterkey-61-300x101.jpg,593R
Roland A-300PRO 32-Key USB/MIDI Keyboard Controller,$249.99,Roland,Roland A-300PRO 32-Key USB/MIDI,yes,2011,32,semi-weighted,8,"[""Knobs"", ""Buttons"", ""Fader"", ""Pitch Bend"", ""Modulation Wheel"", ""Transport Controls"", ""Aftertouch""]","[""USB"", ""MIDI In"", ""MIDI Out"", ""Sustain Pedal"", ""Expression Pedal"", ""DC Adapter""]","[""USB Bus"", ""DC Adapter""]",6.39,23.83;9.87;3.6,https://www.gearank.com/wp-content/uploads/files/roland-a300-pro-300x126.jpg,926J
Roland A-88 – 88-key MIDI Keyboard Controller ,$999.99,Roland,Roland A-88 – 88-key MIDI Keyboard,yes,2020,88,weighted hammer-action,8,"[""Knobs"", ""Buttons"", ""Pitch Bend"", ""Modulation Wheel"", ""Joystick"", ""Transport Controls""]","[""USB"", ""MIDI In"", ""MIDI Out"", ""Sustain Pedal"", ""Expression Pedal""]","[""USB Bus"", ""DC Adapter""]",35.94,56.26;10.78;4.69,https://www.gearank.com/wp-content/uploads/files/Roland-A-88-300x81.jpg,G16K
midiplus AKM320 32-Key MIDI Keyboard Controller,$50.00,midiplus,midiplus AKM320 32-Key MIDI Keyboard,yes,2019,32,mini,0,"[""Pitch Bend"", ""Modulation Wheel"", ""Buttons"", ""Fader""]","[""USB"", ""Sustain Pedal""]","[""USB Bus""]",1.59,18.1;4.92;1.18,https://www.gearank.com/wp-content/uploads/files/midiplus_akm320-300x85.jpg,PJ4M
M-Audio Keystation 88 MkII – 88-Key MIDI Keyboard Controller ,$229.00,M-Audio,M-Audio Keystation 88 MkII,yes,2018,88,synth-action,0,"[""Pitch Bend"", ""Modulation Wheel"", ""Buttons"", ""Transport Controls""]","[""USB""]","[""USB Bus""]",NA,NA,https://www.gearank.com/wp-content/uploads/files/M-Audio-Keystation-88-MKII-300x80.jpg,4454
Akai Professional MPD218 MIDI Pad Controller,$119.00,Akai Professional,Akai Professional MPD218,yes,2012,NA,NA,16,"[""Knobs"", ""Buttons""]","[""USB""]","[""USB Bus""]",1.65,NA,https://www.gearank.com/wp-content/uploads/files/MPD218-300x251.png,1OH4
Novation Launchpad MIDI Pad Controller (Discontinued / Superseded),$149.99,Novation,Novation Launchpad (Discontinued),yes,2009,NA,NA,64,"[""Buttons""]","[""USB""]","[""USB Bus""]",NA,NA,https://www.gearank.com/wp-content/uploads/files/launchpad-300x295.png,8XLG
Akai Professional MPD232 MIDI Pad Controller ,$179.00,Akai Professional,Akai Professional MPD232,yes,2015,NA,NA,16,"[""Knobs"", ""Buttons"", ""Fader""]","[""USB"", ""MIDI In"", ""MIDI Out""]","[""USB Bus"", ""DC Adapter""]",NA,NA,https://www.gearank.com/wp-content/uploads/files/MPD232-300x180.png,5J2A
Korg nanoPAD2 MIDI Pad Controller,$69.99,Korg,Korg nanoPAD2,yes,2012,NA,NA,16,"[""Buttons"", ""XY Pad""]","[""USB""]","[""USB Bus""]",0.62,12.8;3.27;0.63,https://www.gearank.com/wp-content/uploads/files/nanopad2-300x164.png,D3MY
Samson Conspiracy MIDI Pad Controller ,$149.99,Samson,Samson Conspiracy,yes,2014,NA,NA,25,"[""Fader"", ""Knobs"", ""Buttons"", ""Crossfader""]","[""USB""]","[""USB Bus""]",NA,NA,https://www.gearank.com/wp-content/uploads/files/Conspriracy_Head_On-display-300x254.jpg,0TRR
Akai Professional MPD226 MIDI Pad Controller,$229.00,Akai Professional,Akai Professional MPD226,yes,2014,NA,NA,16,"[""Knobs"", ""Buttons"", ""Fader""]","[""USB""]","[""USB Bus""]",NA,NA,https://www.gearank.com/wp-content/uploads/files/MPD226_ortho_web_700x438-300x226.png,7J48
Keith McMillen Instruments QuNeo 3D MIDI Pad Controller,$289.99,Keith McMillen Instruments,Keith McMillen Instruments QuNeo,yes,2013,NA,NA,16,"[""Sliders"", ""Knobs""]","[""USB"", ""MIDI In"", ""MIDI Out""]","[""USB Bus""]",NA,NA,https://www.gearank.com/wp-content/uploads/files/quneo-white-1-300x233.jpg,C455
Alesis VI25 25-Key USB MIDI Keyboard Controller,$179.00,Alesis,Alesis VI25,yes,2014,25,semi-weighted,16,"[""Knobs"", ""Buttons"", ""Pitch Bend"", ""Modulation Wheel""]","[""USB"", ""MIDI Out"", ""Sustain Pedal""]","[""USB Bus""]",NA,NA,https://www.gearank.com/wp-content/uploads/files/Alesis-VI25-big-300x220.jpg,8E14
M-Audio Code 25 key USB MIDI Controller With X/Y Pad ,$225.00,M-Audio,M-Audio Code 25,yes,2013,25,semi-weighted,16,"[""Knobs"", ""Buttons"", ""Pitch Bend"", ""Modulation Wheel"", ""Fader"", ""XY Pad""]","[""USB"", ""MIDI In"", ""MIDI Out"", ""Sustain Pedal"", ""Expression Pedal""]","[""USB Bus""]",6.2,20.9;10;2.8,https://www.gearank.com/wp-content/uploads/files/Code25_FrontOrtho_1200x750-300x145.jpg,EG11
Arturia KeyLab 25 25-key USB MIDI Keyboard Controller ,$199.00,Arturia,Arturia KeyLab 25,yes,2014,25,full-size,16,"[""Knobs"", ""Buttons"", ""Pitch Bend"", ""Modulation Wheel"", ""Transport Controls""]","[""USB"", ""MIDI Out""]","[""USB Bus""]",NA,NA,https://www.gearank.com/wp-content/uploads/files/keylab25-image-300x193.png,4X1N
IK Multimedia iRig Keys Mini 25-key USB MIDI controller ,$79.99,IK Multimedia,IK Multimedia iRig Keys Mini 25,yes,2013,25,mini,0,"[""Pitch Bend"", ""Modulation Wheel""]","[""USB""]","[""USB Bus""]",0.93,11.85;4.72;1.57,https://www.gearank.com/wp-content/uploads/files/irig_keys_mini_front-300x119.jpg,V3F0
Keith McMillen Instruments QuNexus 25-key USB MIDI/CV Controller,$194.00,Keith McMillen Instruments,Keith McMillen Instruments QuNexus 25-key USB MIDI/CV Controller,yes,2012,25,mini,0,"[""Pitch Bend"", ""Modulation Wheel"", ""Buttons""]","[""USB"", ""MIDI Out"", ""CV Inputs"", ""CV Outputs"", ""Gate""]","[""USB Bus""]",0.76,12.8;3.3;0.43,https://www.gearank.com/wp-content/uploads/files/qunexus-white-1-300x82.jpg,JW8M
Novation 61 SL MKII – 61-Key MIDI Keyboard Controller ,$400.00,Novation,Novation 61 SL MKII – 61-Key MIDI Keyboard Controller,yes,2013,61,semi-weighted,0,"[""Knobs"", ""Fader"", ""Buttons"", ""Pitch Bend"", ""Modulation Wheel"", ""Transport Controls"", ""Joystick""]","[""USB"", ""MIDI In"", ""MIDI Out"", ""MIDI Thru"", ""Sustain Pedal""]","[""DC Adapter""]",12,37.5;13.8;3.1,https://www.gearank.com/wp-content/uploads/files/novation-61-sl-mk2-300x171.jpg,44V7
Studiologic Numa Nero – 88-key MIDI Keyboard Controller ,$1599.95,Studiologic,Studiologic Numa Nero – 88-key MIDI Keyboard Controller,yes,2009,88,weighted hammer-action,0,"[""Pitch Bend"", ""Modulation Wheel""]","[""USB"", ""MIDI Out""]","[""AC Adapter""]",23,50;13;3.5,https://www.gearank.com/wp-content/uploads/files/NumaNero-300x62.jpg,677V
StudioLogic SL-990 Pro – 88-key MIDI Keyboard Controller ,$499.95,Studiologic,StudioLogic SL-990 Pro – 88-key MIDI Keyboard Controller,yes,2003,88,weighted hammer-action,0,"[""Pitch Bend"", ""Modulation Wheel""]","[""MIDI Out"", ""Sustain Pedal""]","[""DC Adapter""]",28,52;14;4,https://www.gearank.com/wp-content/uploads/files/SL990Pro-300x82.jpg,58W7
Nektar Impact LX88 88-key MIDI Keyboard Controller ,$319.99,Nektar,Nektar Impact LX88 88-key MIDI Keyboard Controller,yes,2015,88,semi-weighted,8,"[""Fader"", ""Knobs"", ""Buttons"", ""Transport Controls"", ""Pitch Bend"", ""Modulation Wheel""]","[""USB"", ""MIDI Out"", ""Sustain Pedal""]","[""USB Bus"", ""DC Adapter""]",18,50.25;11;3.5,https://www.gearank.com/wp-content/uploads/files/Nektar-Impact-LX88-300x116.jpg,J85K
Akai Professional MPK88 – 88-Key MIDI Keyboard Controller ,$799.00,Akai Professional,Akai Professional MPK88 – 88-Key MIDI Keyboard Controller,yes,2009,88,weighted hammer-action,16,"[""Fader"", ""Knobs"", ""Buttons"", ""Pitch Bend"", ""Modulation Wheel"", ""Transport Controls""]","[""USB"", ""MIDI In"", ""MIDI Out"", ""Sustain Pedal""]","[""USB Bus"", ""DC Adapter""]",27,49;10;5,https://www.gearank.com/wp-content/uploads/files/Akai-MPK88-300x122.jpg,6M0P
Arturia KeyLab 61 61-Key MIDI Keyboard Controller ,$399.00,Arturia,Arturia KeyLab 61 61-Key MIDI Keyboard Controller,yes,2013,61,full-size,8,"[""Fader"", ""Knobs"", ""Buttons"", ""Pitch Bend"", ""Modulation Wheel"", ""Transport Controls""]","[""USB"", ""MIDI Out"", ""Sustain Pedal""]","[""USB Bus""]",6.8,35;9.45;2.76,https://www.gearank.com/wp-content/uploads/files/arturia-keylab-61-300x173.jpg,Z30P
Novation Launchkey 61 – 61-Key MIDI Keyboard Controller ,$250.00,Novation,Novation Launchkey 61 – 61-Key MIDI Keyboard Controller,yes,2013,61,semi-weighted,16,"[""Knobs"", ""Fader"", ""Buttons"", ""Pitch Bend"", ""Modulation Wheel"", ""Transport Controls""]","[""USB"", ""MIDI Out"", ""Sustain Pedal""]","[""USB Bus""]",11.4,37.5;13.8;3.2,https://www.gearank.com/wp-content/uploads/files/novation-launchkey-61-300x124.jpg,2TB0
Behringer UMX610 61-Key MIDI Keyboard Controller ,$179.99,Behringer,Behringer UMX610 61-Key MIDI Keyboard Controller,yes,2017,61,semi-weighted,0,"[""Knobs"", ""Buttons"", ""Pitch Bend"", ""Modulation Wheel""]","[""USB"", ""MIDI In"", ""MIDI Out"", ""Sustain Pedal""]","[""USB Bus""]",8,31.9;12.4;3.8,https://www.gearank.com/wp-content/uploads/files/behringer-umx610_0-300x99.jpg,Y7V3
M-Audio Keystation 61 MKII 61-Key MIDI Keyboard Controller ,$169.00,M-Audio,M-Audio Keystation 61 MKII 61-Key MIDI Keyboard Controller,yes,2017,61,full-size,0,"[""Pitch Bend"", ""Modulation Wheel""]","[""USB"", ""MIDI Out"", ""Sustain Pedal""]","[""USB Bus""]",10.8,37.5;11.2;3.3,https://www.gearank.com/wp-content/uploads/files/m-audio-keystation-61-300x101.jpg,4JS1
Nektar Impact iX61 61-Key MIDI Keyboard Controller ,$120.00,Nektar,Nektar Impact iX61 61-Key MIDI Keyboard Controller,yes,2018,61,semi-weighted,0,"[""Pads"", ""Fader"", ""Knobs"", ""Buttons"", ""Pitch Bend"", ""Modulation Wheel""]","[""USB"", ""MIDI Out"", ""Sustain Pedal""]","[""USB Bus""]",7.3,39;13;3.5,https://www.gearank.com/wp-content/uploads/files/nektar-impact-ix61-300x118.jpg,5DWM
Nektar Impact LX61 61-Key MIDI Keyboard Controller ,$199.99,Nektar,Nektar Impact LX61 61-Key MIDI Keyboard Controller,yes,2019,61,semi-weighted,8,"[""Fader"", ""Knobs"", ""Buttons"", ""Transport Controls"", ""Pitch Bend"", ""Modulation Wheel""]","[""USB"", ""MIDI Out"", ""Sustain Pedal""]","[""USB Bus""]",11,38;12;3.5,https://www.gearank.com/wp-content/uploads/files/nektar-impact-lx-61-300x143.jpg,5VLU
M-Audio Axiom AIR 25 Key MIDI Keyboard Controller ,$399.00,M-Audio,M-Audio Axiom AIR 25 Key MIDI Keyboard Controller,yes,2015,25,semi-weighted,8,"[""Fader"", ""Knobs"", ""Buttons"", ""Pitch Bend"", ""Modulation Wheel""]","[""USB"", ""MIDI Out"", ""Sustain Pedal""]","[""USB Bus""]",4.8,18.1;7.3;2.5,https://www.gearank.com/wp-content/uploads/files/M-Audio-Axiom-AIR-25-300x235.jpg,O8Q0
CME Xkey 25-Key Mobile MIDI USB Keyboard Controller,$99.00,CME,CME Xkey 25-Key Mobile MIDI USB Keyboard Controller,yes,2011,25,slim,0,"[""Pitch Bend"", ""Modulation Wheel"", ""Buttons""]","[""USB""]","[""USB Bus""]",2.1,13.2;4.9;0.5,https://www.gearank.com/wp-content/uploads/files/CME-Xkey-25-Key-b-300x105.jpg,0U2I
Novation Launchkey 25 MK2 MIDI Controller Keyboard ,$149.99,Novation,Novation Launchkey 25 MK2 MIDI Controller Keyboard,yes,2018,25,semi-weighted,8,"[""Knobs"", ""Buttons"", ""Pitch Bend"", ""Modulation Wheel"", ""Transport Controls""]","[""USB"", ""MIDI Out"", ""Sustain Pedal""]","[""USB Bus""]",4.4,19.5;6.4;3,https://www.gearank.com/wp-content/uploads/files/Novation-Launchkey-25-MK2-300x252.jpg,W350
M-Audio Oxygen 25 MK IV 25-Key USB MIDI Keyboard Controller,$129.00,M-Audio,M-Audio Oxygen 25 MK IV,yes,2014,25,synth-action,8,"[""Knobs"", ""Fader"", ""Buttons"", ""Transport Controls"", ""Pitch Bend"", ""Modulation Wheel""]","[""USB"", ""Sustain Pedal""]","[""USB Bus""]",5.95,20.9;9.6;3.7 soloproaudio+1,https://www.gearank.com/wp-content/uploads/files/M-Audio-Oxygen-25-MKIV-300x151.jpg,00K3
M-Audio Keystation Mini 32 MKII MIDI Controller Keyboard ,$79.99,M-Audio,M-Audio Keystation Mini 32 MKII,yes,2017,32,mini,0,"[""Buttons"", ""Pitch Bend"", ""Modulation"", ""Sustain""]","[""USB"", ""Sustain Pedal""]","[""USB Bus""]",0.99,16.45;4.13;0.78 hites+1,https://www.gearank.com/wp-content/uploads/files/M-Audio-Keystation-Mini-32-MKII-300x77.jpg,UCA2
Alesis V25 – 25 Key USB Midi Keyboard Controller MKI ,$109.00,Alesis,Alesis V25 – 25 Key USB Midi Controller,yes,2015,25,synth-action,8,"[""Knobs"", ""Buttons"", ""Pads"", ""Pitch Bend"", ""Modulation Wheel"", ""Transport Controls""]","[""USB"", ""Sustain Pedal""]","[""USB Bus""]",3.3,18.2;9.6;3.6 audioproperu+1,https://www.gearank.com/wp-content/uploads/files/Alesis-V25-300x150.jpg,H40M
Arturia MiniLab 25 Key USB MIDI Controller Keyboard ,$99.00,Arturia,Arturia MiniLab 25 Key,yes,2022,25,slim,16,"[""Knobs"", ""Pads"", ""Pitch Bend"", ""Modulation"", ""Buttons"", ""Fader"", ""Transport Controls""]","[""USB"", ""MIDI Out"", ""Sustain Pedal"", ""Bluetooth""]","[""USB Bus""]",3.3,14;8.7;2 arturia+1,https://www.gearank.com/wp-content/uploads/files/Arturia-MiniLab-USB-300x196.jpg,6Q53
ROLI Seaboard Rise 49 49-Key MIDI Controller Keyboard ,$1199.95,ROLI,ROLI Seaboard Rise 49,yes,2015,49,NA,0,"[""Pitch Bend"", ""Modulation"", ""Buttons"", ""Transport Controls"", ""Expression Pedal""]","[""USB"", ""Bluetooth"", ""Expression Pedal""]","[""USB Bus"", ""Battery"", ""DC Adapter""]",12.13,32.8;8.3;0.9 perfectcircuit+1,https://www.gearank.com/wp-content/uploads/files/ROLI-Seaboard-Rise-49-300x183.jpg,N5QG
Novation Launchkey 49 Mk2 49-Key USB/iOS MIDI Keyboard Controller ,$199.99,Novation,Novation Launchkey 49 Mk2,yes,2017,49,synth-action,16,"[""Knobs"", ""Pads"", ""Pitch Bend"", ""Modulation Wheel"", ""Transport Controls"", ""Fader""]","[""USB"", ""Sustain Pedal"", ""DC Adapter""]","[""USB Bus"", ""DC Adapter""]",8.16,31.8;10.6;3.5 studiocare+1,https://www.gearank.com/wp-content/uploads/files/Novation-Launchkey%2049-300x149.jpg,XON7
midiplus AK490 49-Key MIDI Keyboard Controller ,$69.00,midiplus,midiplus AK490,yes,2012,49,full-size,0,"[""Pitch Bend"", ""Modulation Wheel"", ""Buttons""]","[""USB"", ""MIDI Out"", ""Sustain Pedal"", ""DC Adapter"", ""Battery""]","[""USB Bus"", ""DC Adapter"", ""Battery""]",NA,NA midiplus,https://www.gearank.com/wp-content/uploads/files/midiplus-AK490_1-300x92.jpg,VSUH
M-Audio Keystation 49 II – 49-Key USB MIDI Keyboard Controller ,$99.99,M-Audio,M-Audio Keystation 49 II,yes,2014,49,synth-action,0,"[""Pitch Bend"", ""Modulation Wheel"", ""Buttons"", ""Transport Controls"", ""Sustain""]","[""USB"", ""Sustain Pedal""]","[""USB Bus""]",4.6,31.5;7.3;2.6 m-audio+1,https://www.gearank.com/wp-content/uploads/files/M-Audio-Keystation-49-II-300x75.jpg,1ATD
Alesis VX49 49-Key USB MIDI Keyboard Controller ,$320.00,Alesis,Alesis VX49,yes,2016,49,semi-weighted,8,"[""Knobs"", ""Fader"", ""Pads"", ""Pitch Bend"", ""Modulation Wheel"", ""Transport Controls""]","[""USB"", ""MIDI Out"", ""Sustain Pedal"", ""Expression Pedal""]","[""USB Bus""]",13.6,34;11;3.5 sweetwater,https://www.gearank.com/wp-content/uploads/files/VX49_Ortho_RGB-300x94.png,O972
MIDIPLUS AK490+ USB MIDI Keyboard Controller ,$65.49,MIDIPLUS,MIDIPLUS AK490+,yes,2019,49,semi-weighted,0,"[""Pitch Bend"", ""Modulation Wheel"", ""Buttons""]","[""USB"", ""MIDI Out"", ""Sustain Pedal"", ""DC Adapter"", ""Battery""]","[""USB Bus"", ""DC Adapter"", ""Battery""]",NA,NA midiplus,https://www.gearank.com/wp-content/uploads/files/AK490PLUSdetailsEN-300x95.jpg,RC24
M-Audio Code 49 49-Key USB MIDI Keyboard Controller ,$299.99,M-Audio,M-Audio Code 49,yes,2015,49,semi-weighted,16,"[""Knobs"", ""Fader"", ""Pads"", ""Pitch Bend"", ""Modulation Wheel"", ""Transport Controls"", ""Buttons""]","[""USB"", ""MIDI Out"", ""Sustain Pedal"", ""Expression Pedal""]","[""USB Bus"", ""DC Adapter""]",9.12,36.2;10.9;3.3 m-audio,https://www.gearank.com/wp-content/uploads/files/M-Audio-Code%2049-300x119.jpg,0I24
Nektar Impact LX49 49 Key MIDI Controller Keyboard ,$159.00,Nektar,Nektar Impact LX49,yes,2015,49,synth-action,8,"[""Knobs"", ""Fader"", ""Pads"", ""Pitch Bend"", ""Modulation Wheel"", ""Transport Controls"", ""Buttons""]","[""USB"", ""Sustain Pedal""]","[""USB Bus""]",9,32;10;3 m-audio,https://www.gearank.com/wp-content/uploads/files/Nektar-Impact-LX49-300x184.jpg,7439
Nektar Impact iX49 49 Key MIDI Controller Keyboard ,$99.99,Nektar,Nektar Impact iX49,yes,2017,49,synth-action,0,"[""Pitch Bend"", ""Modulation Wheel"", ""Buttons"", ""Transport Controls"", ""Sustain""]","[""USB"", ""Sustain Pedal""]","[""USB Bus""]",6.2,31.7;7.7;2.7 m-audio,https://www.gearank.com/wp-content/uploads/files/Nektar-Impact-iX49-top-300x75.jpg,64NO
Native Instruments Komplete Kontrol S49 – 49 Key MIDI Controller Keyboard ,$599.00,Native Instruments,Native Instruments Komplete Kontrol S49,yes,2017,49,semi-weighted,0,"[""Knobs"", ""Fader"", ""Pitch Bend"", ""Modulation Wheel"", ""Transport Controls"", ""Buttons""]","[""USB"", ""MIDI Out"", ""Sustain Pedal"", ""Expression Pedal""]","[""USB Bus"", ""DC Adapter""]",12,34.1;11.4;3.7 m-audio,https://www.gearank.com/wp-content/uploads/files/Native-Instruments-Komplete-Kontrol-S49-300x138.jpg,F1E4
Akai Professional Advance – 49 Key MIDI Controller Keyboard ,$499.00,Akai Professional,Akai Professional Advance 49,yes,2015,49,semi-weighted,8,"[""Knobs"", ""Fader"", ""Pads"", ""Pitch Bend"", ""Modulation Wheel"", ""Transport Controls"", ""Buttons""]","[""USB"", ""MIDI Out"", ""Sustain Pedal"", ""Expression Pedal""]","[""USB Bus"", ""DC Adapter""]",11.5,31.9;12;4.1 m-audio,https://www.gearank.com/wp-content/uploads/files/Akai-Professional-Advance-300x119.jpg,R0AG
Behringer U-Control UMX490 49 Key USB MIDI Controller Keyboard ,$129.95,Behringer,Behringer U-Control UMX490 49 Key USB MIDI Controller Keyboard,yes,2009,49,synth-action,0,"[""Knobs"",""Pitch Bend"",""Modulation Wheel"",""Buttons"",""Fader""]","[""USB"",""MIDI Out"",""Sustain Pedal""]","[""USB Bus"",""DC Adapter""]",8.8,12.6;33.0;4.0,https://www.gearank.com/wp-content/uploads/files/Behringer-U-Control-UMX49-300x121.jpg,6Q8N
Arturia KeyLab 49 – 49 Note MIDI Keyboard Controller ,$349.00,Arturia,Arturia KeyLab 49 – 49 Note MIDI Keyboard Controller,yes,2024,49,semi-weighted,16,"[""Knobs"",""Fader"",""Buttons"",""Pitch Bend"",""Modulation Wheel""]","[""USB"",""MIDI In"",""MIDI Out"",""Sustain Pedal"",""Expression Pedal""]","[""USB Bus"",""DC Adapter""]",16.7,31.0;11.0;2.9,https://www.gearank.com/wp-content/uploads/files/Arturia-KeyLab-49-top-back-300x144.jpg,55LR
Korg Taktile 49-Key USB MIDI Keyboard Controller ,$150.00,Korg,Korg Taktile 49-Key USB MIDI Keyboard Controller,yes,2014,49,semi-weighted,8,"[""Knobs"",""Fader"",""Buttons"",""Pitch Bend"",""Modulation Wheel""]","[""USB"",""MIDI Out"",""Sustain Pedal""]","[""USB Bus"",""DC Adapter""]",9.0,12.6;32.6;3.7,https://www.gearank.com/wp-content/uploads/files/Korg-Taktile%2049-300x116.jpg,P845
Korg D1 88-Key Stage Piano w/ MIDI Out,$729.99,Korg,Korg D1 88-Key Stage Piano w/ MIDI Out,no,2018,88,weighted hammer-action,0,"[""Buttons"",""Pitch Bend""]","[""MIDI Out"",""USB"",""Sustain Pedal""]","[""DC Adapter""]",35.3,12.3;52.3;5.1,https://www.gearank.com/wp-content/uploads/files/Korg-D1-300x62.jpg,HX2F
Akai Professional LPD8 Laptop MIDI Pad Controller,$59.00,Akai Professional,Akai Professional LPD8 Laptop MIDI Pad Controller,yes,2014,NA,NA,8,"[""Knobs"",""Buttons""]","[""USB""]","[""USB Bus""]",1.0,3.1;12.1;1.1,https://www.gearank.com/wp-content/uploads/files/lpd8-300x88.png,H82Q
Akai Professional LPK25 25 Key USB-MIDI Controller Keyboard,$59.00,Akai Professional,Akai Professional LPK25 25 Key USB-MIDI Controller Keyboard,yes,2012,25,mini,0,"[""Buttons""]","[""USB""]","[""USB Bus""]",1.0,3.7;13.4;1.2,https://www.gearank.com/wp-content/uploads/files/Akai-LPK25-300x92.jpg,J7Y2
Yamaha PSR-EW410 76-key Portable Arranger Keyboard – Battery Powered w/ MIDI ,$489.99,Yamaha,Yamaha PSR-EW410 76-key Portable Arranger Keyboard,no,2018,76,full-size,NA,"[""Knobs"",""Buttons"",""Pitch Bend""]","[""USB"",""MIDI Out"",""Sustain Pedal""]","[""DC Adapter"",""Battery""]",18.1,16.2;45.3;5.4,https://www.gearank.com/wp-content/uploads/files/Yamaha-PSR-EW410-300x83.jpg,I41F
Casio CT-X3000 61-Key Portable Arranger Keyboard – Battery Powered w/ MIDI,$349.00,Casio,Casio CT-X3000 61-Key Portable Arranger Keyboard,no,2018,61,full-size,NA,"[""Knobs"",""Buttons"",""Pitch Bend""]","[""USB"",""MIDI Out"",""Sustain Pedal""]","[""DC Adapter"",""Battery""]",12.6,13.8;37.4;4.7,https://www.gearank.com/wp-content/uploads/files/Casio-CT-X3000-300x85.jpg,1LU6
Yamaha PSR-E263 61-Key Portable Arranger Keyboard – Battery Powered w/ MIDI ,$129.99,Yamaha,Yamaha PSR-E263 61-Key Portable Arranger Keyboard,no,2017,61,full-size,NA,"[""Buttons""]","[""USB"",""MIDI Out"",""Sustain Pedal""]","[""DC Adapter"",""Battery""]",10.4,12.9;37.2;4.0,https://www.gearank.com/wp-content/uploads/files/Yamaha-PSR-E263-300x65.jpg,M2X7
Casio CTX700 61-Key Portable Arranger Keyboard – Battery Powered w/ MIDI,$199.00,Casio,Casio CTX700 61-Key Portable Arranger Keyboard,no,2017,61,full-size,NA,"[""Knobs"",""Buttons""]","[""USB"",""MIDI Out"",""Sustain Pedal""]","[""DC Adapter"",""Battery""]",9.5,13.8;37.4;4.7,https://www.gearank.com/wp-content/uploads/files/ct-x700-300x117.jpg,W4Q2
Yamaha PSR-EW300 Portable Arranger Keyboard – Battery Powered w/ MIDI ,$269.99,Yamaha,Yamaha PSR-EW300 Portable Arranger Keyboard,no,2017,76,full-size,NA,"[""Buttons"",""Pitch Bend""]","[""USB"",""MIDI Out"",""Sustain Pedal""]","[""DC Adapter"",""Battery""]",13.2,16.2;45.3;5.4,https://www.gearank.com/wp-content/uploads/files/psr-ew300-300x97.jpg,57T7
Casio CTK-3500 61-Key Portable Arranger Keyboard – Battery Powered w/ MIDI ,$139.99,Casio,Casio CTK-3500 61-Key Portable Arranger Keyboard,no,2017,61,full-size,NA,"[""Buttons""]","[""USB"",""MIDI Out"",""Sustain Pedal""]","[""DC Adapter"",""Battery""]",7.5,9.4;37.0;3.6,https://www.gearank.com/wp-content/uploads/files/Casio-CTK-3500-300x100.jpg,TI71
Casio CT-X5000 61-Key Portable Arranger Keyboard – Battery Powered w/ MIDI,$499.00,Casio,Casio CT-X5000 61-Key Portable Arranger Keyboard,no,2018,61,full-size,NA,"[""Knobs"",""Buttons""]","[""USB"",""MIDI Out"",""Sustain Pedal""]","[""DC Adapter"",""Battery""]",15.4,13.8;37.4;4.7,https://www.gearank.com/wp-content/uploads/files/Casio-CT-X5000-300x121.jpg,1Y69
Yamaha EZ-220 Portable Arranger Keyboard – Battery Powered w/ MIDI ,$249.99,Yamaha,Yamaha EZ-220 Portable Arranger Keyboard,no,2012,61,full-size,NA,"[""Buttons""]","[""USB"",""MIDI Out"",""Sustain Pedal""]","[""DC Adapter"",""Battery""]",10.7,14.1;37.2;4.8,https://www.gearank.com/wp-content/uploads/files/ez-220-300x114.jpg,EVJF
Casio WK-7600 Portable Keyboard Arranger 76-Key – Battery Powered w/ MIDI,$449.00,Casio,Casio WK-7600 Portable Keyboard Arranger 76-Key,no,2013,76,full-size,NA,"[""Buttons"",""Knobs""]","[""USB"",""MIDI Out"",""Sustain Pedal""]","[""DC Adapter"",""Battery""]",19.0,15.7;46.9;4.8,https://www.gearank.com/wp-content/uploads/files/casio-wk7600-300x102.jpg,VUP2
Korg EK-50 61-Key Arranger Keyboard – Battery Powered w/ MIDI,$499.99,Korg,Korg EK-50,no,2025,61,full-size,0,NA,"[""USB""]","[""DC Adapter"", ""Battery""]",16.53,39.13;15.43;5.20,https://www.gearank.com/wp-content/uploads/files/Korg-EK-50-300x119.jpg,2W80
Casio LK-280 61-Key Portable Keyboard – Battery Powered w/ MIDI ,$199.00,Casio,Casio LK-280,no,2024,61,full-size,0,"[""Buttons""]","[""USB""]","[""DC Adapter"", ""Battery""]",9.92,37.32;13.78;4.06,https://www.gearank.com/wp-content/uploads/files/Casio-LK-280-300x113.jpg,RUXO
Casio WK-6600 Portable Arranger Keyboard – Battery Powered w/ MIDI,$299.99,Casio,Casio WK-6600,no,NA,76,full-size,0,"[""Pitch Bend""]","[""USB"", ""MIDI In"", ""MIDI Out""]","[""DC Adapter"", ""Battery""]",NA,NA,https://www.gearank.com/wp-content/uploads/files/wk-6600-300x100.jpg,72UV
Midiplus EK490+ MIDI Keyboard Controller ,$99.00,Midiplus,Midiplus EK490+,yes,NA,49,semi-weighted,0,"[""Pitch Bend"", ""Fader"", ""Buttons""]","[""USB"", ""MIDI In"", ""MIDI Out""]","[""DC Adapter"", ""Battery""]",7.94,32.68;10.04;3.15,https://www.gearank.com/wp-content/uploads/files/ALL_catalog_20J22_4pvep4723m-300x95.jpg,DFIF
Roland GO:KEYS Portable Keyboard 61-Keys – Battery Powered w/ MIDI,$349.99,Roland,Roland GO:KEYS,no,2017,61,full-size,10,"[""Pitch Bend"", ""Modulation Wheel"", ""Buttons""]","[""USB"", ""Bluetooth""]","[""DC Adapter"", ""Battery""]",8.60,34.50;10.67;3.23,https://www.gearank.com/wp-content/uploads/files/roland-go-keys-300x93.jpg,K3KM
Arturia KeyLab Essential 61 MIDI Keyboard Controller ,$259.00,Arturia,Arturia KeyLab Essential 61,yes,2023,61,full-size,8,"[""Fader"", ""Pitch Bend"", ""Modulation Wheel"", ""Knobs"", ""Buttons"", ""Transport Controls""]","[""USB"", ""MIDI Out""]","[""USB Bus""]",6.8,35.11;9.45;2.76,https://www.gearank.com/wp-content/uploads/files/keylab-essential-61-300x86.jpg,BPIJ
Yamaha PSR-E363 Portable Keyboard 61-Key – Battery Powered w/ MIDI ,$219.99,Yamaha,Yamaha PSR-E363,no,NA,61,synth-action,0,NA,"[""USB"", ""MIDI In"", ""MIDI Out""]","[""DC Adapter"", ""Battery""]",10.14,37.19;14.49;4.65,https://www.gearank.com/wp-content/uploads/files/yamaha-psr-e363-300x115.jpg,856G
Arturia KeyLab Essential 49 49-Key MIDI Keyboard Controller ,$209.00,Arturia,Arturia KeyLab Essential 49,yes,2024,49,full-size,8,"[""Fader"", ""Pitch Bend"", ""Modulation Wheel"", ""Knobs"", ""Buttons"", ""Transport Controls""]","[""USB"", ""MIDI Out""]","[""USB Bus""]",6.10,31.1;9.45;2.76,https://www.gearank.com/wp-content/uploads/files/Arturia-KeyLab-Essential-49-300x94.jpg,P9B2
Doepfer LMK2+ 88-Key Hammer Action MIDI Keyboard Controller,$1654.45,Doepfer,Doepfer LMK2+,yes,2018,88,weighted hammer-action,0,"[""Pitch Bend"", ""Modulation Wheel""]","[""USB"", ""MIDI Out""]","[""DC Adapter"", ""USB Bus""]",52.9,58.27;11.02;4.72,https://www.gearank.com/wp-content/uploads/files/Doepfer-LMK2plus-300x68.jpg,66A9
Doepfer LMK4+ 88-Key Hammer Action MIDI Keyboard Controller,$2052.85,Doepfer,Doepfer LMK4+,yes,NA,88,weighted hammer-action,0,"[""Pitch Bend"", ""Modulation Wheel"", ""Faders"", ""Buttons"", ""Knobs""]","[""USB"", ""MIDI In"", ""MIDI Out""]","[""DC Adapter"", ""USB Bus""]",52.9,61.02;10.43;4.13,https://www.gearank.com/wp-content/uploads/files/Doepfer-LMK4plus-300x53.jpg,3167
M-Audio Hammer 88 Pro 88-key MIDI Keyboard Controller,$799.00,M-Audio,M-Audio Hammer 88 Pro,yes,2023,88,weighted hammer-action,16,"[""Pitch Bend"", ""Modulation Wheel"", ""Pads"", ""Buttons"", ""Faders""]","[""USB"", ""MIDI Out""]","[""USB Bus""]",NA,NA,https://www.gearank.com/wp-content/uploads/files/Hammer88Pro_Ortho_Transparent.-300x97.jpg,MCP1
M-Audio Keystation 88 MK3 88-key MIDI Keyboard Controller,$249.00,M-Audio,M-Audio Keystation 88 MK3,yes,NA,88,semi-weighted,0,"[""Pitch Bend"", ""Modulation Wheel"", ""Buttons"", ""Fader""]","[""USB"", ""MIDI Out""]","[""USB Bus""]",7.20,54.25;8.54;2.87,https://www.gearank.com/wp-content/uploads/files/Keystation88MK3_Ortho_web-300x52.jpg,P5IW
Studiologic SL88 Grand 88 Key MIDI Keyboard Controller,$999.99,Studiologic,Studiologic SL88 Grand,yes,NA,88,weighted hammer-action,0,"[""Pitch Bend"", ""Modulation Wheel"", ""Joystick"", ""Buttons""]","[""USB"", ""MIDI Out""]","[""DC Adapter"", ""USB Bus""]",46.29,38.58;12.20;4.72,https://www.gearank.com/wp-content/uploads/files/Studiologic-SL88-Grand-300x46.jpg,K6RA
Studiologic SL88 Studio 88 Key MIDI Keyboard Controller,$499.95,Studiologic,Studiologic SL88 Studio,yes,NA,88,weighted hammer-action,0,"[""Pitch Bend"", ""Modulation Wheel"", ""Buttons""]","[""USB"", ""MIDI Out""]","[""DC Adapter"", ""USB Bus""]",21.0,49.61;12.20;4.33,https://www.gearank.com/wp-content/uploads/files/Studiologic-SL88-Studio-20-300x64.jpg,W686
Alesis Q88 – 88-Key MIDI Keyboard Controller,$229.00,Alesis,Alesis Q88,yes,2013,88,semi-weighted,0,"[""Pitch Bend"", ""Modulation Wheel"", ""Buttons"", ""Fader""]","[""USB"", ""MIDI Out""]","[""USB Bus""]",22.0,NA,https://www.gearank.com/wp-content/uploads/files/Alesis-Q88-top-300x62.jpg,XE0X
Alesis V61 MKII – 61 Key MIDI Controller Keyboard,$199.00,Alesis,Alesis V61 MKII,yes,NA,61,synth-action,8,"[""Knobs"", ""Pitch Bend"", ""Modulation Wheel"", ""Buttons""]","[""USB"", ""Sustain Pedal""]","[""USB Bus""]",7.3,38.5;9.6;3.72,https://www.gearank.com/wp-content/uploads/files/alesis-v61-mkii-300x78.jpg,3RP6
Native Instruments Komplete Kontrol S61 MK2 MIDI Keyboard Controller,$799.00,Native Instruments,Native Instruments Komplete Kontrol S61 MK2,yes,NA,61,semi-weighted,NA,"[""Knobs"", ""Buttons"", ""Pitch Bend"", ""Modulation Wheel"", ""Touch Bar""]","[""USB"", ""MIDI In"", ""MIDI Out""]","[""USB Bus""]",13.22,39.6;11.7;3.3,https://www.gearank.com/wp-content/uploads/files/ni-komplete-s61-mk2-300x111.jpg,36LO
Roland A-800PRO 61-Key Midi Keyboard Controller,$419.99,Roland,Roland A-800PRO 61-Key MIDI,yes,NA,61,weighted hammer-action,8,"[""Knobs"", ""Buttons"", ""Faders"", ""Transport Controls"", ""Pitch Bend"", ""Modulation Wheel""]","[""USB"", ""MIDI In"", ""MIDI Out"", ""Sustain Pedal"", ""Expression Pedal""]","[""USB Bus"", ""DC Adapter""]",9.0,39.5;9.875;3.375,https://www.gearank.com/wp-content/uploads/files/Roland-A-800PRO-angle-300x81.jpg,5JPX
Midiplus X6 mini 61 Key MIDI Keyboard Controller,$105.18,Midiplus,Midiplus X6 mini,yes,2019,61,mini,0,"[""Knobs"", ""Buttons""]","[""USB"", ""MIDI Out"", ""Sustain Pedal""]","[""USB Bus""]",5.49,33.46;2.01;5.39,https://www.gearank.com/wp-content/uploads/files/x6mini-300x50.jpg,US1H
Nektar Panorama T6 61 Key MIDI Keyboard Controller,$299.99,Nektar,Nektar Panorama T6,yes,2018,61,synth-action,8,"[""Faders"", ""Buttons"", ""Knobs"", ""Transport Controls"", ""Pitch Bend"", ""Modulation Wheel""]","[""USB"", ""MIDI Out"", ""Sustain Pedal"", ""Expression Pedal""]","[""USB Bus""]",16.78,38.58;10.91;3.15,https://www.gearank.com/wp-content/uploads/files/Nektar-Panorama-T6-300x87.jpg,225X
Samson Carbon 61 61-Key MIDI Keyboard Controller,$129.99,Samson,Samson Carbon 61,yes,NA,61,semi-weighted,0,"[""Knobs"", ""Fader"", ""Pitch Bend"", ""Modulation Wheel""]","[""USB"", ""MIDI Out"", ""Sustain Pedal""]","[""USB Bus""]",7.5,37.87;8.74;2.91,https://www.gearank.com/wp-content/uploads/files/Samson-Carbon-61-300x105.jpg,9B0J
Novation Impulse 61 61-Key MIDI Keyboard Controller,$399.99,Novation,Novation Impulse 61,yes,2011,61,semi-weighted,8,"[""Faders"", ""Buttons"", ""Knobs"", ""Transport Controls"", ""Pitch Bend"", ""Modulation Wheel""]","[""USB"", ""MIDI In"", ""MIDI Out"", ""Sustain Pedal"", ""Expression Pedal""]","[""USB Bus""]",14.33,40.24;13.07;3.94,https://www.gearank.com/wp-content/uploads/files/Novation-Impulse-61-300x158.jpg,2224
M-Audio Code 61 61-Key MIDI Keyboard Controller,$349.00,M-Audio,M-Audio Code 61,yes,NA,61,semi-weighted,16,"[""Faders"", ""Buttons"", ""Knobs"", ""Pads"", ""Pitch Bend"", ""Modulation Wheel""]","[""USB"", ""MIDI In"", ""MIDI Out"", ""Sustain Pedal"", ""Expression Pedal""]","[""USB Bus""]",14.0,30.7;13.77;NA,https://www.gearank.com/wp-content/uploads/files/M-Audio-Code-61-300x79.jpg,U529
Alesis V49 MKII 49-key MIDI Keyboard Controller,$149.00,Alesis,Alesis V49 MKII,yes,NA,49,synth-action,8,"[""Knobs"", ""Pitch Bend"", ""Modulation Wheel"", ""Buttons""]","[""USB"", ""Sustain Pedal""]","[""USB Bus""]",NA,NA,https://www.gearank.com/wp-content/uploads/files/alesis-v49-mkii-midi-300x92.jpg,S3TS
Midiplus BK492 49-Key MIDI Keyboard Controller,$122.30,Midiplus,Midiplus BK492,yes,NA,49,synth-action,0,"[""Knobs"", ""Buttons""]","[""USB"", ""MIDI Out"", ""Sustain Pedal""]","[""USB Bus""]",NA,NA,https://www.gearank.com/wp-content/uploads/files/ALL_catalog_20J26_vrm9kkdbew-300x93.jpg,9803
M-Audio Oxygen 49 MKV 49-key MIDI Keyboard Controller,$179.00,M-Audio,M-Audio Oxygen 49 MKV,yes,NA,49,synth-action,8,"[""Knobs"", ""Pads"", ""Pitch Bend"", ""Modulation Wheel"", ""Buttons""]","[""USB"", ""MIDI In"", ""MIDI Out"", ""Sustain Pedal""]","[""USB Bus""]",NA,NA,https://www.gearank.com/wp-content/uploads/files/Oxygen49_Ortho_web-300x92.jpg,XHG1
Alesis Q49 MKII 49-key USB MIDI Keyboard Controller,$109.00,Alesis,Alesis Q49 MKII,yes,NA,49,synth-action,0,"[""Knobs"", ""Pitch Bend"", ""Modulation Wheel"", ""Buttons""]","[""USB"", ""Sustain Pedal""]","[""USB Bus""]",NA,NA,https://www.gearank.com/wp-content/uploads/files/Q49MKII_Ortho_Web-300x73.jpg,MV36
Novation Impulse 49 Key MIDI Controller Keyboard,$299.99,Novation,Novation Impulse 49,yes,NA,49,semi-weighted,8,"[""Faders"", ""Buttons"", ""Knobs"", ""Transport Controls"", ""Pitch Bend"", ""Modulation Wheel""]","[""USB"", ""MIDI In"", ""MIDI Out"", ""Sustain Pedal"", ""Expression Pedal""]","[""USB Bus""]",NA,NA,https://www.gearank.com/wp-content/uploads/files/Novation-Impulse-49-300x118.jpg,E31M
Roland A-49 49 Key MIDI Keyboard Controller,$299.99,Roland,Roland A-49,yes,NA,49,weighted hammer-action,8,"[""Knobs"", ""Buttons"", ""Pitch Bend"", ""Modulation Wheel"", ""Transport Controls""]","[""USB"", ""MIDI In"", ""MIDI Out"", ""Sustain Pedal"", ""Expression Pedal""]","[""USB Bus""]",NA,NA,https://www.gearank.com/wp-content/uploads/files/Roland-A-49-300x99.jpg,KP89
Korg microKEY AIR 49 Bluetooth MIDI Keyboard Controller,$239.99,Korg,Korg microKEY AIR 49,yes,NA,49,synth-action,0,"[""Knobs"", ""Buttons"", ""Pitch Bend"", ""Modulation Wheel""]","[""USB"", ""Bluetooth"", ""Sustain Pedal""]","[""USB Bus"", ""Battery""]",NA,NA,https://www.gearank.com/wp-content/uploads/files/microkey-air49-300x61.jpg,TM1X
IK Multimedia iRig Keys I/O 49 Key MIDI Controller Keyboard,$329.99,IK Multimedia,IK Multimedia iRig Keys I/O 49,yes,2025,49,full-size,8,"[""Knobs"", ""Pitch Bend"", ""Modulation Wheel"", ""Buttons"", ""Transport Controls"", ""Touch Strips""]","[""USB"", ""Sustain Pedal""]","[""USB Bus""]",4.8,27.3;8.2;2.6,https://www.gearank.com/wp-content/uploads/files/IK-Multimedia-iRig-Keys-IO-49-300x127.jpg,EIA3
Alesis VI49 49-Key MIDI Controller Keyboard,$229.00,Alesis,Alesis VI49,yes,2017,49,semi-weighted,16,"[""Knobs"", ""Buttons"", ""Transport Controls"", ""Pitch Bend"", ""Modulation Wheel""]","[""USB"", ""MIDI Out"", ""Sustain Pedal""]","[""USB Bus""]",11.0,38;13;6 (approximate),https://www.gearank.com/wp-content/uploads/files/Alesis-VI49-300x90.jpg,O25H
Roland A-500PRO 49-key MIDI Keyboard Controller,$349.99,Roland,Roland A-500PRO,yes,2011,49,velocity-sensitive,8,"[""Knobs"", ""Buttons"", ""Transport Controls"", ""Pitch Bend"", ""Modulation Wheel"", ""Sliders""]","[""USB"", ""MIDI In"", ""MIDI Out"", ""Sustain Pedal""]","[""USB Bus"", ""DC""]",8.44,33.06;9.88;3.59,https://www.gearank.com/wp-content/uploads/files/a-500pro_top_gal-300x90.jpg,GJWR
Samson Graphite 49 Key USB MIDI Keyboard Controller,$179.99,Samson,Samson Graphite 49,yes,2024,49,semi-weighted,4,"[""Knobs"", ""Buttons"", ""Transport Controls"", ""Pitch Bend"", ""Modulation Wheel""]","[""USB"", ""MIDI Out"", ""Sustain Pedal""]","[""USB Bus""]",10.2,31.4;9.75;3.3,https://www.gearank.com/wp-content/uploads/files/Graphite49_headon-display-300x105.jpg,KXQC
Korg microKEY2 49-Key MIDI Keyboard Controller,$184.99,Korg,Korg microKEY2 49,yes,2025,49,mini,0,"[""Pitch Bend"", ""Modulation Wheel"", ""Octave Buttons"", ""Sustain Button""]","[""USB"", ""Sustain Pedal""]","[""USB Bus""]",03.08,27.9;5.47;2.13,https://www.gearank.com/wp-content/uploads/files/microkey49-300x64.png,V48C
midiplus X4 mini 49-key MIDI Keyboard Controller,$90.57,midiplus,midiplus X4 mini 49,yes,2019,49,mini,0,"[""Knobs"", ""Buttons"", ""Pitch Bend"", ""Modulation Wheel""]","[""USB"", ""MIDI Out"", ""Sustain Pedal""]","[""USB Bus""]",3.7,27.67;5.4;2.0,https://www.gearank.com/wp-content/uploads/files/X4MINI_1.png-300x63.png,S74C
Nektar Impact GX Mini 25-Key USB MIDI Controller Keyboard,$69.99,Nektar,Nektar Impact GX Mini 25,yes,2021,25,mini,0,"[""Joystick"", ""Buttons"", ""Transport Controls"", ""Pitch Bend"", ""Modulation Wheel""]","[""USB"", ""Sustain Pedal""]","[""USB Bus""]",01.08,15.35;4.53;1.26,https://www.gearank.com/wp-content/uploads/2024/06/nektar-impact-gx-mini-25-300x131.jpg,H5HJ
Korg microKEY25 USB 25-Key MIDI Keyboard Controller,$109.99,Korg,Korg microKEY25 USB 25,yes,2025,25,mini,0,"[""Joystick"", ""Pitch Bend"", ""Modulation Wheel"", ""Arpeggiator Button"", ""Sustain Button""]","[""USB"", ""Sustain Pedal""]","[""USB Bus""]",1.43,15.55;5.16;2.08,https://www.gearank.com/wp-content/uploads/files/microkey25-300x142.jpg,IYL8
MidiPlus X2 Mini 25-key MIDI Controller Keyboard,$71.47,midiplus,MidiPlus X2 Mini 25,yes,NA,25,mini,0,"[""Buttons"", ""Pitch Bend"", ""Modulation Wheel""]","[""USB""]","[""USB Bus""]",NA,NA,https://www.gearank.com/wp-content/uploads/files/MidiPlus-X2-Mini-300x175.jpg,LM7V
Nektar SE25 25-Key MIDI Keyboard Controller,$49.99,Nektar,Nektar SE25,yes,2019,25,mini,0,"[""Buttons"", ""Pitch Bend"", ""Modulation Wheel"", ""Octave Buttons"", ""Shift Button""]","[""USB""]","[""USB Bus""]",0.88,13.19;3.94;0.83,https://www.gearank.com/wp-content/uploads/files/Nektar-SE25-300x90.jpg,F376
Novation Launchkey 25 MK3 25-key MIDI Keyboard Controller,$169.99,Novation,Novation Launchkey 25 MK3,yes,2024,25,mini,16,"[""Pads"", ""Buttons"", ""Pitch Bend"", ""Modulation Wheel"", ""Transport Controls""]","[""USB""]","[""USB Bus""]",NA,NA,https://www.gearank.com/wp-content/uploads/files/Novation-Launchkey-25-MK3-300x167.jpg,8J5Y
Native Instruments Komplete Kontrol M32 – 32-Key MIDI Controller Keyboard,$139.00,Native Instruments,Native Instruments Komplete Kontrol M32,yes,2024,32,synth-action,0,"[""Knobs"", ""Pitch Bend"", ""Modulation Wheel"", ""Buttons""]","[""USB""]","[""USB Bus""]",NA,NA,https://www.gearank.com/wp-content/uploads/files/NI-Komplete-Kontrol-M32-300x79.jpg,74O2
Novation 49SL MkIII 49-Key MIDI Controller Keyboard,$649.99,Novation,Novation 49SL MkIII,yes,2018,49,semi-weighted,16,"[""Pads"", ""Knobs"", ""Buttons"", ""Transport Controls"", ""Fader"", ""Pitch Bend"", ""Modulation Wheel""]","[""USB"", ""MIDI In"", ""MIDI Out"", ""MIDI Thru"", ""Sustain Pedal"", ""Expression Pedal""]","[""USB Bus"", ""DC Adapter""]",11.9,32.16;11.81;3.94,https://www.gearank.com/wp-content/uploads/files/Novation-49SL-MkIII-300x111.jpg,9129
Nektar Panorama T4 49-Key MIDI Keyboard Controller,$249.99,Nektar,Nektar Panorama T4,yes,2018,49,synth-action,8,"[""Pads"", ""Knobs"", ""Buttons"", ""Transport Controls"", ""Fader"", ""Pitch Bend"", ""Modulation Wheel""]","[""USB"", ""MIDI Out"", ""Sustain Pedal"", ""Expression Pedal""]","[""USB Bus""]",14.1,32.28;10.91;3.15,https://www.gearank.com/wp-content/uploads/files/Nektar-Panorama-T4-300x107.jpg,X8LI
Nektar Panorama P6 61-Key MIDI Keyboard Controller,$599.99,Nektar,Nektar Panorama P6,yes,2025,61,semi-weighted,12,"[""Pads"", ""Knobs"", ""Buttons"", ""Transport Controls"", ""Fader"", ""Pitch Bend"", ""Modulation Wheel""]","[""USB"", ""MIDI Out"", ""Sustain Pedal"", ""Expression Pedal""]","[""USB Bus""]",14.8,35.43;11.02;3.94,https://www.gearank.com/wp-content/uploads/files/nektar-panorama-p6-keyboard-top-300x100.jpg,0L28
M-Audio Oxygen 61 MKIV 61-Key MIDI Keyboard Controller,$229.00,M-Audio,M-Audio Oxygen 61 MKIV,yes,2016,61,full-size,8,"[""Knobs"", ""Pads"", ""Faders"", ""Transport Controls""]","[""USB""]","[""USB Bus""]",7.84,NA,https://www.gearank.com/wp-content/uploads/files/m-audio-oxygen61-mk4-300x118.jpg,61QJ
M-Audio Oxygen Pro 61 61-key MIDI Keyboard Controller,$299.00,M-Audio,M-Audio Oxygen Pro 61,yes,2020,61,semi-weighted,16,"[""Knobs"", ""Pads"", ""Faders"", ""Pitch Bend"", ""Modulation Wheel"", ""Transport Controls""]","[""USB"", ""MIDI Out"", ""Sustain Pedal""]","[""USB Bus""]",10.6,38.0;10.4;3.3,https://www.gearank.com/wp-content/uploads/files/Oxygen-61-web-4-300x83.jpg,3YDW
Arturia KeyStep 37 37-key MIDI Keyboard Controller & Sequencer,$199.00,Arturia,Arturia KeyStep 37,yes,NA,37,slim,0,"[""Knobs"", ""Pitch Bend"", ""Modulation Wheel"", ""Buttons""]","[""USB"", ""MIDI In"", ""MIDI Out"", ""CV"", ""Gate"", ""Sustain Pedal""]","[""USB"", ""DC Adapter""]",3.5,21.7;5.78;1.38,https://www.gearank.com/wp-content/uploads/2024/06/arturia-keystep-37--300x85.jpg,BOBA
Novation FLkey 49 MIDI Keyboard Controller,$197.99,Novation,Novation FLkey 49,yes,2023,49,full-size,16,"[""Knobs"", ""Pads"", ""Pitch Bend"", ""Modulation Wheel"", ""Transport Controls""]","[""USB"", ""MIDI Out"", ""Sustain Pedal""]","[""USB Bus""]",6.67,31.1;3.0;10.2,https://www.gearank.com/wp-content/uploads/2024/06/novation-flkey-49-300x78.jpg,DBF2
Arturia KeyLab Essential 49 Mk3 49-key MIDI Keyboard Controller,$219.00,Arturia,Arturia KeyLab Essential 49 Mk3,yes,2023,49,full-size,8,"[""Knobs"", ""Pads"", ""Faders"", ""Pitch Bend"", ""Modulation Wheel"", ""Transport Controls""]","[""USB"", ""MIDI Out"", ""Sustain Pedal""]","[""USB Bus""]",06.01,31.1;9.45;2.76,https://www.gearank.com/wp-content/uploads/2024/06/arturia-keylab-essential-49-mk3-300x94.jpg,5412
M-Audio Oxygen 61 MKV 61-key MIDI Keyboard Controller,$229.00,M-Audio,M-Audio Oxygen 61 MKV,yes,NA,61,synth-action,8,"[""Pitch Bend"", ""Modulation Wheel""]","[""USB""]","[""USB Bus""]",5.4,10.4;19.3;3.3,https://www.gearank.com/wp-content/uploads/2024/06/m-audio-oxygen-61-mkv-300x300.jpg,8A0W
Studiologic SL73 Studio 73-key Midi Keyboard Controller,$529.95,Studiologic,Studiologic SL73 Studio,yes,2018,73,weighted hammer-action,0,"[""Rotary Encoders"", ""Programmable Sticks"", ""Function Buttons""]","[""MIDI In"", ""MIDI Out"", ""USB""]","[""DC Adapter""]",25.03,49.6;12.2;4.9,https://www.gearank.com/wp-content/uploads/2024/06/studiologic-sl73-300x87.jpg,PVD9
Arturia AstroLab 61-key Stage Keyboard MIDI,$1599.00,Arturia,Arturia AstroLab 61,yes,2023,61,semi-weighted,0,"[""Knobs"", ""Buttons"", ""Pitch Bend"", ""Modulation Wheel"", ""Transport Controls""]","[""USB-C"", ""USB-A"", ""Bluetooth"", ""Sustain Pedal"", ""Expression Pedal""]","[""USB Bus"", ""DC Adapter""]",21.83,36.81;12.99;3.89,https://www.gearank.com/wp-content/uploads/2024/06/arturia-astroLab-61-300x110.jpg,7346
Akai APC Key 25 key MIDI Controller,$129.00,Akai Professional,Akai APC Key 25,yes,2022,25,mini,40,"[""Knobs"", ""Pads"", ""Buttons"", ""Transport Controls""]","[""USB""]","[""USB Bus""]",1.95,12.4;7.6;1.8,https://www.gearank.com/wp-content/uploads/files/APCKey25_0-300x188.png,T8L6
Novation Launchkey 61 MK3 61-key MIDI Keyboard Controller,$279.99,Novation,Novation Launchkey 61 MK3,yes,2020,61,synth-action,16,"[""Knobs"", ""Pads"", ""Faders"", ""Pitch Bend"", ""Modulation Wheel"", ""Transport Controls""]","[""USB"", ""MIDI Out"", ""Sustain Pedal""]","[""USB Bus""]",6.7,37.4;10.2;3.0,https://www.gearank.com/wp-content/uploads/files/LaunchKey61-300x82.jpg,2UH4
Akai Professional APC Mini MIDI Pad Controller ,$99.00,Akai Professional,Akai Professional APC Mini,yes,2023,25,mini,64,"[""Pads"", ""Faders"", ""Buttons"", ""Transport Controls""]","[""USB""]","[""USB Bus""]",1.81,9.4;8.3;1.25,https://www.gearank.com/wp-content/uploads/files/Akai-Professional-APC-Mini-300x253.jpg,HDB8
Akai Professional APC40 MKII MIDI Pad Controller ,$299.00,Akai Professional,Akai Professional APC40 MKII,yes,2020,0,NA,40,"[""Knobs"", ""Faders"", ""Buttons"", ""Transport Controls""]","[""USB""]","[""USB Bus""]",4.0,16.7;10.0;1.8,https://www.gearank.com/wp-content/uploads/files/APC40mkIII-300x188.png,WW91
Native Instruments Maschine MK3 MIDI Pad Controller,$499.00,Native Instruments,Native Instruments Maschine MK3,yes,2024,0,NA,16,"[""Pads"", ""Knobs"", ""Buttons"", ""Transport Controls""]","[""USB""]","[""USB Bus"", ""DC Adapter""]",6.6,NA,https://www.gearank.com/wp-content/uploads/files/Native-Instruments-Maschine-MK3-300x205.jpg,5180
Reloop Neon USB MIDI Pad Controller,$163.26,Reloop,Reloop Neon USB MIDI Pad Controller,yes,NA,0,NA,8,"[""Pads"", ""Knobs""]","[""USB""]","[""USB Bus""]",0.79,8.78;0.63;4.84,https://www.gearank.com/wp-content/uploads/files/232520_Reloop_TP-300x168.png,EIE0
Roger Linn Design LinnStrument MIDI Performance Controller,$1499.00,Roger Linn Design,Roger Linn Design LinnStrument,yes,2015,200,NA,200,"[""Pads"", ""Buttons""]","[""USB"", ""MIDI In"", ""MIDI Out"", ""Foot Switch""]","[""USB"", ""DC Adapter""]",5.0,22.4;8.2;1.0,https://www.gearank.com/wp-content/uploads/files/linnstrument-300x108.jpg,0L5W
Novation Launchpad Pro MK3 MIDI Pad Controller,$349.99,Novation,Novation Launchpad Pro MK3,yes,2020,NA,NA,64,"[""Buttons"", ""Transport Controls""]","[""USB"", ""MIDI In"", ""MIDI Out"", ""MIDI Thru""]","[""USB Bus"", ""DC Adapter""]",2.2,10.55;0.71;10.55,https://www.gearank.com/wp-content/uploads/files/Novation-Launchpad-Pro-MK3-300x199.jpg,6T6R
Novation Launchpad Mini MK3 MIDI Pad Controller,$109.99,Novation,Novation Launchpad Mini MK3,yes,2020,NA,NA,64,"[""Buttons"", ""Transport Controls""]","[""USB""]","[""USB Bus""]",1.1,7.1;0.56;7.1,https://www.gearank.com/wp-content/uploads/files/Novation-Launchpad-Mini-MK3-300x212.jpg,0RQF
Native Instruments Maschine Mikro MK3 MIDI Pad Controller,$199.00,Native Instruments,Native Instruments Maschine Mikro MK3,yes,2023,NA,NA,16,"[""Knobs"", ""Buttons"", ""Transport Controls"", ""Fader""]","[""USB""]","[""USB Bus""]",NA,NA,https://www.gearank.com/wp-content/uploads/files/Native-Instruments-Maschine-Mikro-MK3-300x165.jpg,H451
Ableton Push 2 MIDI Pad Controller ,$799.00,Ableton,Ableton Push 2,yes,2015,NA,NA,64,"[""Buttons"", ""Knobs"", ""Transport Controls""]","[""USB""]","[""USB Bus""]",NA,NA,https://www.gearank.com/wp-content/uploads/files/Push2L9intro-large-300x242.jpg,654W
Xjam Professional MIDI Pad Controller,$119.00,Artesia Pro,Xjam Professional MIDI Pad Controller,yes,2025,NA,NA,16,"[""Knobs"", ""Buttons""]","[""USB"", ""MIDI Out""]","[""USB Bus""]",NA,NA,https://www.gearank.com/wp-content/uploads/2024/07/xjam-professional-midi-pad-controller-300x300.jpg,29Q9
Donner Starrypad Beat Maker MIDI Pad Controller,$69.99,Donner,Donner Starrypad Beat Maker MIDI Pad Controller,yes,2024,NA,NA,16,"[""Fader"", ""Knobs"", ""Buttons""]","[""USB"", ""MIDI In"", ""MIDI Out""]","[""USB Bus""]",NA,NA,https://www.gearank.com/wp-content/uploads/2024/07/donner-starrypad-beat-maker-midi-pad-controller-300x251.jpg,VK6R
PreSonus ATOM MIDI Pad Controller,$148.99,Presonus,PreSonus ATOM MIDI Pad Controller,yes,NA,NA,NA,16,"[""Knobs"", ""Buttons""]","[""USB""]","[""USB Bus""]",1.0,7.95;7.68;0.82,https://www.gearank.com/wp-content/uploads/2024/07/presonus-atom-midi-pad-controller-300x290.jpeg,8778
Novation Launchkey 49 MK3 49-key MIDI Keyboard Controller,$229.99,Novation,Novation Launchkey 49 MK3,yes,2025,49,synth-action,16,"[""Fader"", ""Knobs"", ""Pitch Bend"", ""Modulation Wheel"", ""Buttons"", ""Transport Controls""]","[""USB"", ""MIDI Out"", ""Sustain Pedal""]","[""USB Bus"", ""DC Adapter""]",7.29,30.9;7.2;3.03,https://www.gearank.com/wp-content/uploads/files/NOVLKE49MK3_1_0-300x99.jpg,B05G
Yamaha MX49 V2 Music Synthesizer MIDI Controller Keyboard,$569.99,Yamaha,Yamaha MX49 V2 Music Synthesizer MIDI Controller Keyboard,yes,2016,49,full-size,0,"[""Pitch Bend"", ""Modulation Wheel""]","[""USB"", ""MIDI In"", ""MIDI Out"", ""Sustain Pedal"", ""Expression Pedal""]","[""DC Adapter""]",8.16,32.66;3.58;11.06,https://www.gearank.com/wp-content/uploads/files/mx49v2-300x105.jpg,V3Q4
M-Audio Oxygen Pro 49 49-key MIDI Keyboard Controller,$259.00,M-Audio,M-Audio Oxygen Pro 49,yes,2020,49,semi-weighted,16,"[""Fader"", ""Knobs"", ""Pitch Bend"", ""Modulation Wheel"", ""Buttons"", ""Transport Controls""]","[""USB"", ""MIDI Out"", ""Sustain Pedal""]","[""USB Bus""]",9.26,31.5;10.4;3.3,https://www.gearank.com/wp-content/uploads/files/Oxygen-49-web-4-300x100.jpg,S2O0
M-Audio Keystation 49 MK3 49-Key MIDI Keyboard Controller,$119.00,M-Audio,M-Audio Keystation 49 MK3,yes,2024,49,synth-action,0,"[""Pitch Bend"", ""Modulation Wheel"", ""Buttons"", ""Transport Controls""]","[""USB"", ""Sustain Pedal""]","[""USB Bus""]",6.61,31.73;8.11;2.99,https://www.gearank.com/wp-content/uploads/files/M-Audio-Keystation-49-MK3-300x71.jpg,Q0C2
Arturia KeyLab 49 mkII 49-Key MIDI Keyboard Controller,$449.00,Arturia,Arturia KeyLab 49 mkII,yes,2018,49,full-size,16,"[""Fader"", ""Knobs"", ""Pitch Bend"", ""Modulation Wheel"", ""Buttons"", ""Transport Controls""]","[""USB"", ""MIDI In"", ""MIDI Out"", ""Sustain Pedal"", ""Expression Pedal"", ""CV"", ""Gate""]","[""USB Bus"", ""DC Adapter""]",13.89,31.2;11.7;2.1,https://www.gearank.com/wp-content/uploads/files/Arturia-KeyLab-49-mkII-300x134.jpg,97O3
Nektar Panorama P4 49-key MIDI Controller Keyboard,$499.99,Nektar,Nektar Panorama P4,yes,NA,49,semi-weighted,12,"[""Fader"", ""Encoders"", ""Buttons"", ""Pitch Bend"", ""Modulation Wheel"", ""Transport Controls""]","[""USB"", ""Sustain Pedal"", ""Expression Pedal""]","[""USB Bus""]",NA,NA,https://www.gearank.com/wp-content/uploads/files/Nektar-Panorama-P4-300x153.jpg,74Z3
Akai Professional MPK249 – 49-Key MIDI Controller Keyboard,$469.00,Akai Professional,Akai Professional MPK249,yes,2025,49,semi-weighted,16,"[""Fader"", ""Knobs"", ""Pitch Bend"", ""Modulation Wheel"", ""Buttons"", ""Transport Controls""]","[""USB"", ""MIDI In"", ""MIDI Out"", ""Sustain Pedal"", ""Expression Pedal""]","[""USB Bus"", ""DC Adapter""]",12.6,29;3.38;12.25,https://www.gearank.com/wp-content/uploads/files/Akai-MPK249-300x125.jpg,V7L8
Nektar Impact GX49 49-Key MIDI Keyboard Controller,$109.99,Nektar,Nektar Impact GX49,yes,NA,49,synth-action,0,"[""Pitch Bend"", ""Modulation Wheel"", ""Buttons"", ""Transport Controls""]","[""USB"", ""Sustain Pedal""]","[""USB Bus""]",4.82,31.6;7.8;2.8,https://www.gearank.com/wp-content/uploads/files/impact-gx49-2-b-300x87.jpg,PWEW
M-Audio Oxygen 49 MK IV 49-Key USB MIDI Keyboard Controller,$179.00,M-Audio,M-Audio Oxygen 49 MK IV,yes,2011,49,synth-action,8,"[""Knobs"", ""Fader"", ""Pitch Bend"", ""Modulation Wheel"", ""Buttons"", ""Transport Controls""]","[""USB"", ""MIDI Out"", ""Sustain Pedal""]","[""USB Bus""]",NA,NA,https://www.gearank.com/wp-content/uploads/files/M-Audio-Oxygen-49-IV-300x94.jpg,L87F
Alesis V49 49-Key MIDI Keyboard Controller,$149.00,Alesis,Alesis V49,yes,2023,49,synth-action,8,"[""Knobs"", ""Pitch Bend"", ""Modulation Wheel"", ""Buttons""]","[""USB"", ""Sustain Pedal""]","[""USB Bus""]",NA,NA,https://www.gearank.com/wp-content/uploads/files/Alesis-V49-300x64.jpg,ES0N
Nektar Impact LX88+ MIDI Controller Keyboard,$319.99,Nektar,Nektar Impact LX88+,yes,2016,88,semi-weighted,8,"[""Fader"", ""Knobs"", ""Buttons"", ""Transport Controls"", ""Pitch Bend"", ""Modulation Wheel""]","[""USB"", ""MIDI Out"", ""Sustain Pedal"", ""DC Adapter""]","[""USB Bus"", ""DC Adapter""]",18,50.25;11;3.5,https://www.gearank.com/wp-content/uploads/files/Nektar-Impact-LX88plus-20-300x106.jpg,6611
M-Audio Hammer 88 USB MIDI Keyboard Controller,$499.00,M-Audio,M-Audio Hammer 88,yes,2017,88,weighted hammer-action,0,"[""Fader"", ""Pitch Bend"", ""Modulation Wheel"", ""Buttons""]","[""USB"", ""MIDI Out"", ""Sustain Pedal"", ""DC Adapter""]","[""USB Bus"", ""DC Adapter""]",17.5,56;11.8;5.1,https://www.gearank.com/wp-content/uploads/files/M-Audio-Hammer-88_0-300x200.jpg,JP1I
Arturia KeyLab 88 MKII 88-Key MIDI Keyboard Controller,$999.00,Arturia,Arturia KeyLab 88 MKII,yes,2025,88,weighted hammer-action,16,"[""Fader"", ""Knobs"", ""Buttons"", ""Transport Controls"", ""Pitch Bend"", ""Modulation Wheel""]","[""USB-C"", ""MIDI In"", ""MIDI Out"", ""Sustain Pedal"", ""Expression Pedal"", ""CV"", ""Gate""]","[""USB-C""]",32.4,50.9;12.7;4.4,https://www.gearank.com/wp-content/uploads/files/Arturia-KeyLab-88-MKII-300x117.jpg,2L65
Arturia KeyLab Essential 88 88-key MIDI Keyboard Controller,$399.00,Arturia,Arturia KeyLab Essential 88,yes,2024,88,semi-weighted,8,"[""Fader"", ""Knobs"", ""Buttons"", ""Transport Controls"", ""Pitch Bend"", ""Modulation Wheel""]","[""USB-C"", ""MIDI Out"", ""Sustain Pedal""]","[""USB-C""]",18.08,49.53;10.04;2.63,https://www.gearank.com/wp-content/uploads/files/keylab-essential-88-image-300x65.jpg,VELF
Native Instruments Komplete Kontrol A25 25-Key MIDI Controller Keyboard,$169.00,Native Instruments,Native Instruments Komplete Kontrol A25,yes,2018,25,semi-weighted,0,"[""Knobs"", ""Pitch Bend"", ""Modulation Wheel""]","[""USB""]","[""USB Bus""]",5.29,19.2;10.1;3.5,https://www.gearank.com/wp-content/uploads/files/Komplete%20Kontrol%20a25_0-300x158.jpg,9KW5
Novation Launchkey Mini mk3 25-key MIDI Keyboard Controller,$89.95,Novation,Novation Launchkey Mini mk3,yes,2025,25,mini,16,"[""Knobs"", ""Pitch Bend"", ""Modulation Wheel"", ""Buttons""]","[""USB"", ""MIDI Out""]","[""USB Bus""]",NA,NA,https://www.gearank.com/wp-content/uploads/files/Novation-Launchkey-Mini-mk3-300x156.jpg,134P
Nektar Impact LX25+ 25-key USB-MIDI Keyboard Controller,$119.99,Nektar,Nektar Impact LX25+,yes,2019,25,synth-action,8,"[""Knobs"", ""Fader"", ""Buttons"", ""Pitch Bend"", ""Modulation Wheel""]","[""USB"", ""MIDI Out"", ""Sustain Pedal"", ""DC Adapter""]","[""USB Bus"", ""DC Adapter""]",NA,NA,https://www.gearank.com/wp-content/uploads/files/Nektar-Impact-LX25-plus-300x178.jpg,BT09
Akai Professional MPK225 Keyboard & Pad MIDI Controller,$199.00,Akai Professional,Akai Professional MPK225,yes,2015,25,semi-weighted,8,"[""Knobs"", ""Fader"", ""Pitch Bend"", ""Modulation Wheel"", ""Buttons"", ""Transport Controls""]","[""USB"", ""MIDI Out"", ""MIDI In"", ""Sustain Pedal""]","[""USB Bus""]",NA,NA,https://www.gearank.com/wp-content/uploads/files/mpk225-300x179.jpg,78J3
Arturia MiniLab 3 25 Slim-Key MIDI Controller,$109.00,Arturia,Arturia MiniLab 3,yes,2023,25,slim,8,"[""Knobs"", ""Pitch Bend"", ""Modulation Wheel"", ""Buttons""]","[""USB""]","[""USB Bus""]",NA,NA,https://www.gearank.com/wp-content/uploads/2024/05/arturia-mini-lab3-300x188.jpg,7YZ9
midiplus X3 mini 37 Key MIDI Controller Keyboard,$80.42,midiplus,midiplus X3 mini 37,yes,NA,37,mini,6,"[""Knobs"", ""Fader"", ""Pitch Bend"", ""Modulation Wheel"", ""Buttons""]","[""USB"", ""MIDI Out"", ""Sustain Pedal""]","[""USB Bus""]",4.5,21.9;5.4;2,https://www.gearank.com/wp-content/uploads/files/midiplus-X3-mini-300x80.jpg,0E51
Korg nanoKEY2 25-key USB MIDI Controller Keyboard,$74.99,Korg,Korg nanoKEY2,yes,2011,25,mini,0,"[""Pitch Bend"", ""Modulation"", ""Sustain""]","[""USB""]","[""USB Bus""]",0.54,12.8;0.51;3.27,https://www.gearank.com/wp-content/uploads/files/Korg-nanoKEY2_0-300x155.jpg,1IA3
M-WAVE SMK25 25-Key USB MIDI Keyboard Controller,$89.99,M-Wave,M-WAVE SMK25 25-Key USB MIDI Keyboard Controller,yes,2023,25,semi-weighted,8,"[""Knobs""]","[""USB"", ""Bluetooth""]","[""USB Bus""]",NA,NA,https://www.gearank.com/wp-content/uploads/2024/06/m-wave-25-key-usb-300x160.jpg,RFVO
Native Instruments Komplete Kontrol S88 MK2 – 88-key MIDI Keyboard Controller,$1299.00,Native Instruments,Native Instruments Komplete Kontrol S88 MK2,yes,2017,88,weighted hammer-action,0,"[""Fader"", ""Pitch Bend"", ""Modulation Wheel"", ""Knobs"", ""Buttons"", ""Transport Controls""]","[""USB"", ""MIDI In"", ""MIDI Out""]","[""DC Adapter"", ""USB Bus""]",29.1,54.7;13.6;4.5,https://www.gearank.com/wp-content/uploads/files/Native-Instruments-Komplete-Kontrol-S88-MK2-300x65.jpg,759D
Novation Launchkey 37 MK3 37-key MIDI Keyboard Controller,$199.99,Novation,Novation Launchkey 37 MK3,yes,2019,37,full-size,16,"[""Knobs"", ""Pitch Bend"", ""Modulation Wheel"", ""Buttons"", ""Transport Controls""]","[""USB"", ""MIDI Out""]","[""USB Bus""]",NA,21.85;10.16;3.03,https://www.gearank.com/wp-content/uploads/2024/06/novation-launchkey-37-mk3-300x152.jpg,Y9HM
Arturia MiniLab MkII Review – 25 Slim-key MIDI Controller Keyboard,$79.00,Arturia,Arturia MiniLab MkII,yes,2016,25,slim,8,"[""Knobs"", ""Pitch Bend"", ""Modulation Wheel"", ""Buttons""]","[""USB""]","[""USB Bus""]",NA,NA,https://www.gearank.com/wp-content/uploads/files/Arturia-MiniLab-MkII-300x184.jpg,64IV
Yamaha Piaggero NP-32 76-Key Portable Digital Piano Keyboard – Battery Powered w/ MIDI,$349.99,Yamaha,Yamaha Piaggero NP-32,no,2016,76,full-size,0,"[""Buttons""]","[""USB"", ""DC Adapter"", ""Battery""]","[""DC Adapter"", ""Battery""]",12.6,49;10.2;4.1,https://www.gearank.com/wp-content/uploads/files/yamaha-np-32-300x114.jpg,XL1A
Yamaha PSR-E463 61-Key Portable Arranger Keyboard – Battery Powered w/ MIDI,$369.99,Yamaha,Yamaha PSR-E463,no,2018,61,full-size,0,"[""Knobs"", ""Buttons"", ""Pitch Bend""]","[""USB"", ""DC Adapter""]","[""DC Adapter""]",14.55,37.2;15.9;5.5,https://www.gearank.com/wp-content/uploads/files/yamaha-psr-e463_0-300x105.jpg,GABX
Casio Casiotone CT-S300 61-Key Portable Digital Piano Keyboard w/ MIDI,$179.00,Casio,Casio Casiotone CT-S300,no,2019,61,full-size,0,"[""Buttons"", ""Pitch Bend""]","[""USB""]","[""DC Adapter"", ""Battery""]",7.3,36.6;10.1;2.9,https://www.gearank.com/wp-content/uploads/files/Casio-Casiotone-CT-S300-300x86.jpg,ZI17
Nektar SE49 49-Key MIDI Keyboard Controller,$84.99,Nektar,Nektar SE49,yes,NA,49,synth-action,0,"[""Buttons"", ""Pitch Bend"", ""Modulation Wheel"", ""Knobs""]","[""USB""]","[""USB Bus""]",4.85,31.7;7.7;2.7,https://www.gearank.com/wp-content/uploads/files/Nektar-SE49-300x71.jpg,7A9C
Akai MPK Mini MKII 25-Key USB MIDI Keyboard Controller With Joystick ,$119.00,Akai Professional,Akai MPK Mini MKII,yes,NA,25,synth-action,8,"[""Knobs"", ""Pitch Bend"", ""Modulation Wheel"", ""Joystick""]","[""USB""]","[""USB Bus""]",1.6,12.6;7.1;1.7,https://www.gearank.com/wp-content/uploads/files/AKAI-MPK-MINI-MKII-25-300x247.jpg,P965
Native Instruments Komplete Kontrol A49 49-Key MIDI Keyboard Controller,$219.00,Native Instruments,Native Instruments Komplete Kontrol A49,yes,2018,49,semi-weighted,0,"[""Knobs"", ""Pitch Bend"", ""Modulation Wheel"", ""Buttons""]","[""USB""]","[""USB Bus""]",8.8,32.3;10.1;3.5,https://www.gearank.com/wp-content/uploads/files/NI-Komplete-Kontrol-A49-300x94.jpg,2OYM
Akai Professional MPK Mini MK III 25-key MIDI Keyboard Controller,$99.00,Akai Professional,Akai Professional MPK Mini MK III,yes,2020,25,mini,8,"[""Knobs"", ""Pitch Bend"", ""Modulation Wheel"", ""Joystick"", ""Buttons""]","[""USB""]","[""USB Bus""]",1.65,12.5;7.1;1.7,https://www.gearank.com/wp-content/uploads/2021/05/akai-mpk-mini-mk3-300x300.jpg,JD55
Alesis V61 61-Key MIDI Keyboard Controller With Pads,$199.00,Alesis,Alesis V61,yes,2023,61,semi-weighted,8,"[""Knobs"", ""Pitch Bend"", ""Modulation Wheel"", ""Buttons""]","[""USB"", ""MIDI Out""]","[""USB Bus""]",NA,NA,https://www.gearank.com/wp-content/uploads/files/Alesis-V61-300x61.jpg,I477
Nektar Impact LX61+ 61-Key MIDI Keyboard Controller,$219.99,Nektar,Nektar Impact LX61+,yes,2016,61,synth-action,8,"[""Fader"", ""Knobs"", ""Buttons"", ""Pitch Bend"", ""Modulation Wheel"", ""Transport Controls""]","[""USB""]","[""USB Bus""]",9.0,38;10.5;3,https://www.gearank.com/wp-content/uploads/files/nektar-impact-lx61plus_0-300x82.jpg,T453
Akai Professional MPK261 61-Key MIDI Keyboard Controller,$499.00,Akai Professional,Akai Professional MPK261,yes,2014,61,semi-weighted,16,"[""Knobs"", ""Fader"", ""Buttons"", ""Pitch Bend"", ""Modulation Wheel"", ""Transport Controls""]","[""USB"", ""MIDI In"", ""MIDI Out""]","[""USB Bus"", ""DC Adapter""]",15.1,35.6;12.2;3.4,https://www.gearank.com/wp-content/uploads/files/akai-pro-mpk261-300x155.jpg,4544
Alesis VI61 61-Key MIDI Keyboard Controller,$299.00,Alesis,Alesis VI61,yes,2014,61,semi-weighted,16,"[""Knobs"", ""Buttons"", ""Pitch Bend"", ""Modulation Wheel""]","[""USB"", ""MIDI Out""]","[""USB Bus""]",NA,NA,https://www.gearank.com/wp-content/uploads/files/alesis-vI61_0-300x142.jpg,4L39
Korg Keystage 61-key MIDI Keyboard Controller,$699.99,Korg,Korg Keystage 61-key MIDI Keyboard,yes,2025,61,semi-weighted,0,"[""Knobs"", ""Transport Controls"", ""Buttons""]","[""USB"", ""Sustain Pedal"", ""DC Adapter"", ""Stereo Out""]","[""USB Bus"", ""DC Adapter""]",11.02,35.43;10.94;3.54,https://www.gearank.com/wp-content/uploads/2025/01/korg-keystage-61-300x300.jpg,FGL0
Korg microKEY AIR-61 61-Key MIDI Keyboard Controller with Bluetooth,$219.99,Korg,Korg microKEY AIR-61 61-Key MIDI Keyboard,yes,2021,61,mini,0,"[""Pitch Bend"", ""Modulation Wheel"", ""Buttons""]","[""USB"", ""Bluetooth"", ""Sustain Pedal""]","[""USB Bus"", ""Battery""]",3.17,34.25;5.16;2.05,https://www.gearank.com/wp-content/uploads/files/korg-microkey-air-61-300x173.jpg,1Q84
Korg MicroKEY261 61-Key MIDI Controller Keyboard,$199.99,Korg,Korg MicroKEY261 61-Key MIDI Controller,yes,2015,61,mini,0,"[""Pitch Bend"", ""Modulation Wheel""]","[""USB""]","[""USB Bus""]",3.77,33.46;5.47;2.13,https://www.gearank.com/wp-content/uploads/files/Korg-MicroKEY2-61-300x51.jpg,Q7TU
Novation 61SL MkIII MIDI Controller Keyboard w/ Sequencer,$749.99,Novation,Novation 61SL MkIII MIDI Controller,yes,2025,61,semi-weighted,0,"[""Transport Controls"", ""Fader"", ""Knobs"", ""Buttons"", ""LED Feedback""]","[""USB"", ""MIDI In"", ""MIDI Out"", ""MIDI Thru"", ""CV"", ""Gate""]","[""USB Bus""]",NA,NA,https://www.gearank.com/wp-content/uploads/files/Novation-61SL-MkIII-300x177.jpg,82PO
Nektar Impact GX61 61-Key MIDI Keyboard Controller,$129.99,Nektar,Nektar Impact GX61 61-Key MIDI Controller,yes,NA,61,synth-action,0,"[""Transport Controls"", ""Pitch Bend"", ""Modulation Wheel"", ""Buttons""]","[""USB"", ""Sustain Pedal""]","[""USB Bus""]",NA,NA,https://www.gearank.com/wp-content/uploads/files/nextar-gx61-top-300x63.jpg,VPL5
M-Audio Keystation 61 MK3 MIDI Keyboard Controller,$199.00,M-Audio,M-Audio Keystation 61 MK3 MIDI Controller,yes,2018,61,semi-weighted,0,"[""Pitch Bend"", ""Modulation Wheel"", ""Volume Slider"", ""Transport Controls"", ""Octave Buttons""]","[""USB"", ""5-pin MIDI Out"", ""Sustain Pedal""]","[""USB Bus"", ""DC Adapter""]",9.0,39.2;7.44;2.68,https://www.gearank.com/wp-content/uploads/files/M-Audio-Keystation-61-MK3-300x60.jpg,8Y1I
Arturia KeyLab Essential 61 MkIII – 61 Key MIDI Controller Keyboard,$269.00,Arturia,Arturia KeyLab Essential 61 MkIII,yes,2024,61,hybrid synth-piano feel,0,"[""Knobs"", ""Fader"", ""Buttons"", ""Pitch Bend"", ""Modulation Wheel"", ""Transport Controls""]","[""USB""]","[""USB Bus""]",6.8,35;9.45;2.76,https://www.gearank.com/wp-content/uploads/files/arturia-keylab-essential-61-mk3-300x86.jpg,VYLT
Native Instruments Komplete Kontrol A61 – 61 Key MIDI Keyboard Controller,$279.00,Native Instruments,Native Instruments Komplete Kontrol A61,yes,2025,61,semi-weighted,0,"[""Knobs"", ""Pitch Bend"", ""Modulation Wheel"", ""Buttons""]","[""USB"", ""Sustain Pedal""]","[""USB Bus""]",NA,NA,https://www.gearank.com/wp-content/uploads/files/Native-Instruments-Komplete-Kontrol-A61-300x82.jpg,UT4D
Yamaha MX61 Music Synthesizer V2 MIDI Controller Keyboard,$799.99,Yamaha,Yamaha MX61 Music Synthesizer V2,yes,NA,61,full-size,0,"[""Pitch Bend"", ""Modulation Wheel"", ""Buttons""]","[""USB"", ""MIDI In"", ""MIDI Out"", ""Sustain Pedal""]","[""DC Adapter""]",10.58,38.74;11.77;4.50,https://www.gearank.com/wp-content/uploads/files/mx61v2_0-300x91.jpg,1P89
Arturia MicroLab 25-Key MIDI Controller Keyboard,$79.00,Arturia,Arturia MicroLab 25-Key MIDI Controller,yes,2022,25,slim,16,"[""Pitch Bend"", ""Modulation Wheel"", ""Pads"", ""Knobs"", ""Sliders"", ""Buttons""]","[""USB"", ""MIDI Out"", ""Sustain Pedal""]","[""USB Bus""]",3.3,14;8.7;2,https://www.gearank.com/wp-content/uploads/files/Arturia-MicroLab-300x117.jpg,AJ12
Arturia KeyLab 61 MkII  – 61 Key MIDI Controller Keyboard,$549.00,Arturia,Arturia KeyLab 61 MkII,yes,2021,61,semi-weighted,16,"[""Knobs"", ""Faders"", ""Pads"", ""Pitch Bend"", ""Modulation Wheel"", ""Transport Controls"", ""Buttons""]","[""USB"", ""CV"", ""Gate"", ""MIDI In"", ""MIDI Out"", ""Sustain Pedal""]","[""USB Bus""]",18.7,34.4;11;2.9,https://www.gearank.com/wp-content/uploads/files/Arturia-KeyLab-mkII-61-300x133.jpg,9X3Q
Native Instruments Komplete Kontrol S49 MK2 49-Key MIDI Keyboard,$729.21,Native Instruments,Native Instruments Komplete Kontrol S49 MK2,yes,2024,49,semi-weighted,0,"[""Knobs"", ""Pitch Bend"", ""Modulation Wheel"", ""Buttons""]","[""USB"", ""MIDI In"", ""MIDI Out"", ""Sustain Pedal""]","[""USB Bus""]",12.1,31.6;12.7;6.4,https://www.gearank.com/wp-content/uploads/files/ni-komplete-kontrol-s49-mk2-300x107.jpg,43I2
Yamaha MX88 88-key Music Synthesizer MIDI Controller Keyboard,$1199.99,Yamaha,Yamaha MX88 88-key Music Synthesizer,yes,2017,88,weighted hammer-action,0,"[""Pitch Bend"", ""Modulation Wheel"", ""Buttons""]","[""USB"", ""MIDI In"", ""MIDI Out"", ""Sustain Pedal""]","[""DC Adapter""]",30.6,52;16;6.6,https://www.gearank.com/wp-content/uploads/2024/06/yamaha-mx88-300x93.jpg,4YFU
Kawai VPC1 Virtual Piano Controller –  88-key MIDI Keyboard Controller,$2499.00,Kawai,Kawai VPC1 Virtual Piano Controller,yes,2016,88,weighted hammer-action,0,"[""Sustain Pedal""]","[""USB"", ""MIDI In"", ""MIDI Out""]","[""USB Bus"", ""DC Adapter""]",65,54.3;16.7;7.3,https://www.gearank.com/wp-content/uploads/files/Kawai-VPC1-20-300x70.jpg,C2LA
Nektar Impact LX49+ 49-Key MIDI Keyboard Controller,$159.99,Nektar,Nektar Impact LX49+ 49-Key MIDI Controller,yes,2024,49,synth-action,8,"[""Pitch Bend"", ""Modulation Wheel"", ""Faders"", ""Knobs"", ""Buttons"", ""Transport Controls"", ""Pads""]","[""USB"", ""Sustain Pedal""]","[""USB Bus""]",7,31.6;10.5;3,https://www.gearank.com/wp-content/uploads/files/Nektar-LX49-300x103.jpg,BJ69